-- MySQL dump 10.13  Distrib 8.0.19, for Win64 (x86_64)
--
-- Host: mysql-191117-0.cloudclusters.net    Database: KAIROS_STYLOS
-- ------------------------------------------------------
-- Server version	8.0.26

/*!40101 SET @OLD_CHARACTER_SET_CLIENT=@@CHARACTER_SET_CLIENT */;
/*!40101 SET @OLD_CHARACTER_SET_RESULTS=@@CHARACTER_SET_RESULTS */;
/*!40101 SET @OLD_COLLATION_CONNECTION=@@COLLATION_CONNECTION */;
/*!50503 SET NAMES utf8mb4 */;
/*!40103 SET @OLD_TIME_ZONE=@@TIME_ZONE */;
/*!40103 SET TIME_ZONE='+00:00' */;
/*!40014 SET @OLD_UNIQUE_CHECKS=@@UNIQUE_CHECKS, UNIQUE_CHECKS=0 */;
/*!40014 SET @OLD_FOREIGN_KEY_CHECKS=@@FOREIGN_KEY_CHECKS, FOREIGN_KEY_CHECKS=0 */;
/*!40101 SET @OLD_SQL_MODE=@@SQL_MODE, SQL_MODE='NO_AUTO_VALUE_ON_ZERO' */;
/*!40111 SET @OLD_SQL_NOTES=@@SQL_NOTES, SQL_NOTES=0 */;

--
-- Table structure for table `ks_credito_abonos`
--

DROP TABLE IF EXISTS `ks_credito_abonos`;
/*!40101 SET @saved_cs_client     = @@character_set_client */;
/*!50503 SET character_set_client = utf8mb4 */;
CREATE TABLE `ks_credito_abonos` (
  `AB_IDABONO_PK` int NOT NULL AUTO_INCREMENT,
  `AB_VALOR` decimal(15,2) NOT NULL,
  `AB_EVIDENCIA_URL` varchar(255) DEFAULT NULL,
  `AB_FECHA` datetime NOT NULL DEFAULT CURRENT_TIMESTAMP,
  `CR_IDCREDITO_FK` int NOT NULL,
  PRIMARY KEY (`AB_IDABONO_PK`),
  KEY `FK_ABONO_CREDITO` (`CR_IDCREDITO_FK`),
  CONSTRAINT `FK_ABONO_CREDITO` FOREIGN KEY (`CR_IDCREDITO_FK`) REFERENCES `ks_creditos` (`CR_IDCREDITO_PK`) ON DELETE CASCADE
) ENGINE=InnoDB DEFAULT CHARSET=latin1;
/*!40101 SET character_set_client = @saved_cs_client */;

--
-- Dumping data for table `ks_credito_abonos`
--

LOCK TABLES `ks_credito_abonos` WRITE;
/*!40000 ALTER TABLE `ks_credito_abonos` DISABLE KEYS */;
/*!40000 ALTER TABLE `ks_credito_abonos` ENABLE KEYS */;
UNLOCK TABLES;

--
-- Table structure for table `ks_creditos`
--

DROP TABLE IF EXISTS `ks_creditos`;
/*!40101 SET @saved_cs_client     = @@character_set_client */;
/*!50503 SET character_set_client = utf8mb4 */;
CREATE TABLE `ks_creditos` (
  `CR_IDCREDITO_PK` int NOT NULL AUTO_INCREMENT,
  `CR_VALOR_PENDIENTE` decimal(15,2) NOT NULL,
  `CR_FECHA` timestamp NOT NULL DEFAULT CURRENT_TIMESTAMP,
  `FC_IDFACTURA_FK` int NOT NULL,
  PRIMARY KEY (`CR_IDCREDITO_PK`),
  KEY `FK_CREDITO_FACTURA` (`FC_IDFACTURA_FK`),
  CONSTRAINT `FK_CREDITO_FACTURA` FOREIGN KEY (`FC_IDFACTURA_FK`) REFERENCES `ks_facturas` (`FC_IDFACTURA_PK`)
) ENGINE=InnoDB AUTO_INCREMENT=3 DEFAULT CHARSET=latin1;
/*!40101 SET character_set_client = @saved_cs_client */;

--
-- Dumping data for table `ks_creditos`
--

LOCK TABLES `ks_creditos` WRITE;
/*!40000 ALTER TABLE `ks_creditos` DISABLE KEYS */;
INSERT INTO `ks_creditos` VALUES (1,30000.00,'2026-06-01 18:26:36',207),(2,35000.00,'2026-06-10 01:20:57',427);
/*!40000 ALTER TABLE `ks_creditos` ENABLE KEYS */;
UNLOCK TABLES;

--
-- Table structure for table `ks_factura_detalles`
--

DROP TABLE IF EXISTS `ks_factura_detalles`;
/*!40101 SET @saved_cs_client     = @@character_set_client */;
/*!50503 SET character_set_client = utf8mb4 */;
CREATE TABLE `ks_factura_detalles` (
  `FD_IDDETALLE_PK` int NOT NULL AUTO_INCREMENT,
  `FD_VALOR` decimal(15,2) NOT NULL,
  `fd_cantidad` int DEFAULT '1',
  `fd_propina` decimal(15,2) DEFAULT '0.00',
  `FC_IDFACTURA_FK` int NOT NULL,
  `SV_IDSERVICIO_FK` int NOT NULL,
  `TR_IDTECNICO_FK` int NOT NULL,
  PRIMARY KEY (`FD_IDDETALLE_PK`),
  KEY `FK_DETALLE_FACTURA` (`FC_IDFACTURA_FK`),
  KEY `FK_DETALLE_SERVICIO` (`SV_IDSERVICIO_FK`),
  KEY `FK_DETALLE_TECNICO` (`TR_IDTECNICO_FK`),
  CONSTRAINT `FK_DETALLE_FACTURA` FOREIGN KEY (`FC_IDFACTURA_FK`) REFERENCES `ks_facturas` (`FC_IDFACTURA_PK`),
  CONSTRAINT `FK_DETALLE_SERVICIO` FOREIGN KEY (`SV_IDSERVICIO_FK`) REFERENCES `ks_servicios` (`SV_IDSERVICIO_PK`),
  CONSTRAINT `FK_DETALLE_TECNICO` FOREIGN KEY (`TR_IDTECNICO_FK`) REFERENCES `ks_trabajadores` (`TR_IDTRABAJADOR_PK`)
) ENGINE=InnoDB AUTO_INCREMENT=1037 DEFAULT CHARSET=latin1;
/*!40101 SET character_set_client = @saved_cs_client */;

--
-- Dumping data for table `ks_factura_detalles`
--

LOCK TABLES `ks_factura_detalles` WRITE;
/*!40000 ALTER TABLE `ks_factura_detalles` DISABLE KEYS */;
INSERT INTO `ks_factura_detalles` VALUES (3,35000.00,1,0.00,2,12,41),(4,80000.00,1,0.00,3,25,61),(5,30000.00,1,0.00,4,1,61),(6,70000.00,1,0.00,5,28,58),(7,20000.00,1,0.00,6,19,59),(8,25000.00,1,0.00,7,11,59),(9,45000.00,1,0.00,7,32,47),(10,115000.00,1,0.00,8,33,60),(11,30000.00,1,0.00,9,35,57),(12,70000.00,1,0.00,10,15,60),(13,60000.00,1,0.00,11,15,59),(14,100000.00,1,0.00,11,34,61),(15,105000.00,1,0.00,12,28,47),(16,25000.00,1,0.00,13,3,57),(17,15000.00,1,0.00,13,12,58),(18,60000.00,1,0.00,14,15,62),(20,20000.00,1,0.00,16,12,47),(21,50000.00,1,0.00,17,4,57),(22,10000.00,1,0.00,18,3,54),(23,35000.00,1,0.00,19,1,52),(24,10000.00,1,0.00,19,3,54),(25,135000.00,1,0.00,20,38,49),(26,30000.00,1,0.00,21,7,50),(27,35000.00,1,0.00,21,20,40),(28,60000.00,1,0.00,22,15,43),(29,55000.00,1,0.00,23,32,42),(30,25000.00,1,0.00,24,3,53),(31,60000.00,1,0.00,25,15,45),(32,50000.00,1,0.00,26,15,40),(33,25000.00,1,0.00,26,3,53),(34,40000.00,1,0.00,27,11,42),(35,35000.00,1,0.00,28,11,47),(36,35000.00,1,0.00,29,12,60),(37,25000.00,1,0.00,30,3,53),(38,80000.00,1,0.00,30,1,51),(39,55000.00,1,0.00,31,4,54),(40,50000.00,1,0.00,32,15,62),(41,25000.00,1,0.00,33,3,54),(42,75000.00,1,0.00,33,26,52),(44,20000.00,1,0.00,35,12,47),(45,40000.00,1,0.00,35,1,49),(46,90000.00,1,0.00,35,33,48),(47,10000.00,1,0.00,35,3,54),(48,5000.00,1,0.00,36,23,57),(50,50000.00,1,0.00,38,4,54),(51,15000.00,1,0.00,39,3,57),(52,30000.00,1,0.00,40,1,51),(53,10000.00,1,0.00,40,3,53),(56,25000.00,1,0.00,42,3,54),(57,35000.00,1,0.00,42,37,45),(58,25000.00,1,0.00,42,12,47),(59,55000.00,1,0.00,42,32,43),(60,35000.00,1,0.00,43,1,50),(61,60000.00,1,0.00,43,24,53),(62,85000.00,1,0.00,44,28,45),(63,50000.00,1,0.00,45,15,48),(64,40000.00,1,0.00,46,1,50),(65,30000.00,1,0.00,47,1,50),(66,50000.00,1,0.00,47,4,53),(67,80000.00,1,0.00,48,25,49),(68,70000.00,1,0.00,48,15,40),(69,20000.00,1,0.00,48,23,54),(70,35000.00,1,0.00,49,1,51),(71,35000.00,1,0.00,50,11,40),(72,25000.00,1,0.00,51,3,53),(73,35000.00,1,0.00,51,1,49),(74,60000.00,1,0.00,51,1,52),(75,65000.00,1,0.00,51,14,42),(76,80000.00,1,0.00,52,28,43),(77,30000.00,1,0.00,53,33,48),(78,35000.00,1,0.00,54,37,48),(79,105000.00,1,0.00,55,33,60),(80,85000.00,1,0.00,56,32,43),(81,70000.00,1,0.00,56,30,47),(82,35000.00,1,0.00,57,1,51),(83,30000.00,1,0.00,57,11,54),(84,35000.00,1,0.00,58,1,52),(85,40000.00,1,0.00,58,11,48),(86,25000.00,1,0.00,59,3,53),(87,105000.00,1,0.00,59,28,45),(88,25000.00,1,0.00,60,3,53),(89,25000.00,1,0.00,61,3,53),(90,20000.00,1,0.00,62,12,65),(91,100000.00,1,0.00,63,43,53),(92,100000.00,1,0.00,64,34,63),(93,100000.00,1,0.00,64,34,61),(94,70000.00,1,0.00,64,15,62),(95,80000.00,1,0.00,64,15,62),(96,40000.00,1,0.00,64,11,62),(97,35000.00,1,0.00,64,20,62),(98,20000.00,1,0.00,64,7,63),(99,35000.00,1,0.00,65,12,64),(100,15000.00,1,0.00,66,44,57),(101,35000.00,1,0.00,67,20,64),(102,30000.00,1,0.00,68,11,40),(104,35000.00,1,0.00,70,11,62),(106,60000.00,1,0.00,71,26,49),(107,80000.00,1,0.00,71,14,44),(108,25000.00,1,0.00,72,3,57),(109,30000.00,1,0.00,72,1,63),(110,80000.00,1,0.00,73,28,45),(111,15000.00,1,0.00,74,12,65),(112,35000.00,1,0.00,75,1,51),(113,10000.00,1,0.00,75,3,53),(114,80000.00,1,0.00,76,14,64),(115,30000.00,1,0.00,77,35,53),(116,60000.00,1,0.00,78,14,45),(117,80000.00,1,0.00,79,28,48),(118,70000.00,1,0.00,80,22,60),(119,30000.00,1,0.00,81,1,49),(120,95000.00,1,0.00,82,33,43),(121,65000.00,1,0.00,83,14,44),(122,35000.00,1,0.00,84,12,42),(123,80000.00,1,0.00,84,28,47),(124,40000.00,1,0.00,85,11,67),(125,30000.00,1,0.00,85,3,53),(126,70000.00,1,0.00,86,14,48),(127,25000.00,1,0.00,87,3,53),(128,60000.00,1,0.00,88,1,49),(129,25000.00,1,0.00,89,3,53),(131,20000.00,1,0.00,91,36,45),(132,75000.00,1,0.00,92,22,42),(133,25000.00,1,0.00,92,3,53),(134,120000.00,1,0.00,93,34,50),(135,20000.00,1,0.00,93,12,47),(136,20000.00,1,0.00,94,12,62),(137,90000.00,1,0.00,95,28,60),(138,25000.00,1,0.00,95,3,53),(139,20000.00,1,0.00,96,12,65),(142,80000.00,1,0.00,99,25,51),(143,25000.00,1,0.00,100,46,57),(144,80000.00,1,0.00,101,14,44),(145,70000.00,1,0.00,102,15,45),(146,80000.00,1,0.00,103,33,68),(147,100000.00,1,0.00,104,34,69),(148,25000.00,1,0.00,105,46,57),(149,35000.00,1,0.00,106,1,61),(150,25000.00,1,0.00,106,46,57),(151,450000.00,1,0.00,107,9,63),(153,10000.00,1,0.00,109,3,53),(154,20000.00,1,0.00,110,37,64),(155,25000.00,1,0.00,110,46,57),(156,25000.00,1,0.00,111,46,57),(157,15000.00,1,0.00,112,3,53),(158,70000.00,1,0.00,113,14,67),(159,25000.00,1,0.00,114,3,53),(160,25000.00,1,0.00,115,3,53),(161,60000.00,1,0.00,115,1,50),(162,10000.00,1,0.00,116,3,57),(163,30000.00,1,0.00,117,35,57),(164,5000.00,1,0.00,118,37,67),(165,95000.00,1,0.00,119,33,65),(166,15000.00,1,0.00,119,3,57),(167,10000.00,1,0.00,119,24,57),(168,25000.00,1,0.00,120,46,57),(169,25000.00,1,0.00,121,46,57),(170,20000.00,1,0.00,122,12,62),(171,15000.00,1,0.00,123,35,53),(172,25000.00,1,0.00,124,4,53),(173,80000.00,1,0.00,124,28,45),(174,90000.00,1,0.00,125,28,48),(175,15000.00,1,0.00,125,35,53),(176,100000.00,1,0.00,126,34,49),(177,80000.00,1,0.00,127,28,40),(178,30000.00,1,0.00,128,1,52),(179,105000.00,1,0.00,129,28,43),(180,35000.00,1,0.00,130,15,70),(181,35000.00,1,0.00,131,37,62),(182,70000.00,1,0.00,132,28,43),(183,15000.00,1,0.00,132,37,43),(185,30000.00,1,0.00,133,11,65),(186,50000.00,1,0.00,97,2,49),(187,30000.00,1,0.00,90,35,53),(188,90000.00,1,0.00,90,13,40),(189,60000.00,1,0.00,134,15,64),(190,100000.00,1,0.00,134,34,69),(191,20000.00,1,0.00,134,7,69),(192,30000.00,1,0.00,135,7,63),(193,201000.00,1,0.00,136,8,52),(194,20000.00,1,0.00,137,37,62),(195,55000.00,1,0.00,137,32,68),(196,10000.00,1,0.00,138,3,53),(197,35000.00,1,0.00,138,37,60),(198,20000.00,1,0.00,138,36,45),(199,80000.00,1,0.00,139,25,63),(200,50000.00,1,0.00,139,8,63),(201,35000.00,1,0.00,140,37,67),(202,100000.00,1,0.00,141,34,63),(203,20000.00,1,0.00,141,7,63),(204,40000.00,1,0.00,142,7,52),(205,25000.00,1,0.00,142,3,53),(206,110000.00,1,0.00,143,28,47),(207,100000.00,1,0.00,144,34,51),(208,15000.00,1,0.00,144,35,53),(209,105000.00,1,0.00,144,27,60),(210,50000.00,1,0.00,145,15,40),(211,30000.00,1,0.00,146,46,57),(212,30000.00,1,0.00,146,7,63),(213,60000.00,1,0.00,147,15,65),(214,60000.00,1,0.00,148,1,51),(215,120000.00,1,0.00,148,27,48),(216,30000.00,1,0.00,149,35,57),(217,50000.00,1,0.00,149,15,68),(218,40000.00,1,0.00,150,5,53),(219,35000.00,1,0.00,150,1,52),(220,90000.00,1,0.00,151,28,43),(221,15000.00,1,0.00,152,46,53),(222,60000.00,1,0.00,152,7,50),(223,80000.00,1,0.00,152,14,45),(224,45000.00,1,0.00,153,11,67),(225,30000.00,1,0.00,154,35,57),(226,80000.00,1,0.00,154,25,69),(227,60000.00,1,0.00,154,15,64),(228,70000.00,1,0.00,155,14,70),(229,20000.00,1,0.00,156,36,60),(230,35000.00,1,0.00,156,37,40),(231,25000.00,1,0.00,157,3,53),(232,30000.00,1,0.00,157,1,50),(233,70000.00,1,0.00,157,28,45),(234,110000.00,1,0.00,158,28,47),(235,80000.00,1,0.00,159,28,64),(236,30000.00,1,0.00,159,37,65),(237,105000.00,1,0.00,160,28,65),(238,15000.00,1,0.00,161,44,57),(239,5000.00,1,0.00,161,23,57),(240,20000.00,1,0.00,162,19,63),(241,30000.00,1,0.00,163,7,50),(242,35000.00,1,0.00,163,1,49),(243,70000.00,1,0.00,164,14,64),(244,25000.00,1,0.00,165,46,57),(245,35000.00,1,0.00,166,37,64),(246,100000.00,1,0.00,167,33,65),(247,70000.00,1,0.00,168,14,64),(248,15000.00,1,0.00,169,37,67),(249,75000.00,1,0.00,169,22,40),(250,35000.00,1,0.00,170,11,69),(251,35000.00,1,0.00,171,37,60),(252,20000.00,1,0.00,172,7,51),(253,35000.00,1,0.00,173,37,45),(254,30000.00,1,0.00,174,1,51),(255,25000.00,1,0.00,174,3,53),(256,35000.00,1,0.00,175,12,44),(257,15000.00,1,0.00,175,7,50),(258,25000.00,1,0.00,175,3,53),(259,30000.00,1,0.00,176,1,50),(260,25000.00,1,0.00,176,3,53),(261,50000.00,1,0.00,177,26,52),(262,30000.00,1,0.00,178,1,63),(263,20000.00,1,0.00,178,19,63),(264,50000.00,1,0.00,179,4,53),(265,90000.00,1,0.00,180,22,44),(266,80000.00,1,0.00,180,22,43),(267,40000.00,1,0.00,180,11,43),(268,50000.00,1,0.00,181,32,67),(269,20000.00,1,0.00,182,37,42),(270,35000.00,1,0.00,182,11,60),(271,90000.00,1,0.00,183,14,45),(272,15000.00,1,0.00,184,37,42),(273,60000.00,1,0.00,185,14,65),(274,10000.00,1,0.00,186,3,53),(275,20000.00,1,0.00,187,1,51),(276,50000.00,1,0.00,187,28,48),(277,25000.00,1,0.00,187,35,53),(278,50000.00,1,0.00,188,4,53),(279,90000.00,1,0.00,189,28,45),(280,90000.00,1,0.00,190,47,42),(281,20000.00,1,0.00,191,37,47),(282,40000.00,1,0.00,191,1,52),(283,35000.00,1,0.00,192,12,40),(284,100000.00,1,0.00,193,34,49),(285,20000.00,1,0.00,194,37,44),(286,60000.00,1,0.00,195,14,48),(287,25000.00,1,0.00,196,37,43),(288,55000.00,1,0.00,197,32,64),(289,90000.00,1,0.00,198,47,60),(290,85000.00,1,0.00,199,33,44),(291,55000.00,1,0.00,200,20,42),(292,40000.00,1,0.00,201,1,49),(293,35000.00,1,0.00,201,37,48),(294,90000.00,1,0.00,202,28,47),(295,10000.00,1,0.00,203,3,47),(296,45000.00,1,0.00,204,11,45),(297,20000.00,1,0.00,205,37,44),(298,30000.00,1,0.00,205,7,51),(299,35000.00,1,0.00,206,37,48),(300,30000.00,1,0.00,207,1,52),(301,70000.00,1,0.00,208,22,42),(302,35000.00,1,0.00,209,1,52),(303,20000.00,1,0.00,210,37,48),(304,35000.00,1,0.00,211,37,68),(305,80000.00,1,0.00,211,25,61),(306,30000.00,1,0.00,211,35,71),(307,25000.00,1,0.00,212,46,71),(308,20000.00,1,0.00,213,19,64),(309,50000.00,1,0.00,214,15,64),(310,40000.00,1,0.00,214,1,61),(311,35000.00,1,0.00,215,1,61),(312,20000.00,1,0.00,215,19,64),(313,15000.00,1,0.00,216,44,71),(314,5000.00,1,0.00,216,23,71),(315,25000.00,1,0.00,217,46,71),(316,35000.00,1,0.00,218,1,61),(317,30000.00,1,0.00,218,37,68),(318,35000.00,1,0.00,219,20,68),(319,35000.00,1,0.00,220,11,64),(320,30000.00,1,0.00,221,11,64),(321,25000.00,1,0.00,221,46,57),(322,80000.00,1,0.00,222,25,63),(323,10000.00,1,0.00,223,3,57),(324,110000.00,1,0.00,224,8,48),(325,20000.00,1,0.00,224,19,64),(326,450000.00,1,0.00,225,9,63),(327,80000.00,1,0.00,226,25,48),(328,10000.00,1,0.00,226,3,57),(329,65000.00,1,0.00,227,12,64),(330,80000.00,1,0.00,228,33,72),(331,25000.00,1,0.00,229,19,72),(332,25000.00,1,0.00,230,46,57),(333,30000.00,1,0.00,231,1,63),(334,25000.00,1,0.00,232,42,57),(335,35000.00,1,0.00,233,12,48),(336,15000.00,1,0.00,233,44,57),(337,10000.00,1,0.00,234,3,57),(338,35000.00,1,0.00,235,37,72),(339,30000.00,1,0.00,235,1,48),(340,35000.00,1,0.00,236,37,48),(341,35000.00,1,0.00,237,37,40),(342,30000.00,1,0.00,238,35,71),(343,55000.00,1,0.00,239,32,44),(344,40000.00,1,0.00,239,8,51),(345,55000.00,1,0.00,240,11,43),(346,20000.00,1,0.00,241,14,44),(347,40000.00,1,0.00,242,1,52),(348,25000.00,1,0.00,243,46,73),(349,30000.00,1,0.00,243,1,50),(350,85000.00,1,0.00,244,25,49),(351,45000.00,1,0.00,244,37,47),(352,100000.00,1,0.00,245,30,48),(353,60000.00,1,0.00,246,11,44),(354,30000.00,1,0.00,247,1,52),(355,10000.00,1,0.00,248,24,53),(356,35000.00,1,0.00,249,37,48),(357,20000.00,1,0.00,250,37,47),(358,35000.00,1,0.00,251,37,60),(359,100000.00,1,0.00,252,13,43),(360,60000.00,1,0.00,253,14,40),(361,15000.00,1,0.00,254,6,53),(362,25000.00,1,0.00,254,46,71),(363,10000.00,1,0.00,255,24,73),(364,100000.00,1,0.00,256,30,46),(365,25000.00,1,0.00,257,46,53),(366,35000.00,1,0.00,257,37,43),(367,35000.00,1,0.00,258,37,48),(368,15000.00,1,0.00,259,37,60),(369,70000.00,1,0.00,260,28,44),(370,10000.00,1,0.00,261,24,53),(371,65000.00,1,0.00,262,11,47),(372,25000.00,1,0.00,263,46,73),(373,30000.00,1,0.00,264,11,40),(374,10000.00,1,0.00,264,24,53),(375,35000.00,1,0.00,265,1,51),(376,50000.00,1,0.00,266,28,60),(377,80000.00,1,0.00,267,33,46),(378,35000.00,1,0.00,268,37,47),(379,30000.00,1,0.00,269,11,40),(380,50000.00,1,0.00,269,15,46),(381,25000.00,1,0.00,270,37,60),(382,20000.00,1,0.00,270,37,40),(383,20000.00,1,0.00,270,7,50),(384,10000.00,1,0.00,270,24,53),(385,25000.00,1,0.00,271,46,71),(386,105000.00,1,0.00,271,28,48),(387,35000.00,1,0.00,272,1,51),(388,30000.00,1,0.00,272,1,50),(389,380000.00,1,0.00,273,34,49),(390,95000.00,1,0.00,273,27,43),(391,25000.00,1,0.00,274,42,73),(392,103000.00,1,0.00,274,2,74),(393,55000.00,1,0.00,275,15,48),(394,25000.00,1,0.00,276,46,73),(395,75000.00,1,0.00,277,28,44),(396,15000.00,1,0.00,278,37,60),(397,40000.00,1,0.00,278,11,48),(398,50000.00,1,0.00,279,15,40),(399,35000.00,1,0.00,280,37,43),(400,105000.00,1,0.00,281,33,65),(401,70000.00,1,0.00,282,15,43),(402,20000.00,1,0.00,283,37,67),(403,20000.00,1,0.00,284,37,60),(404,35000.00,1,0.00,284,37,44),(405,30000.00,1,0.00,285,35,53),(406,90000.00,1,0.00,286,28,48),(407,80000.00,1,0.00,287,11,64),(408,35000.00,1,0.00,288,1,61),(409,25000.00,1,0.00,288,46,57),(410,30000.00,1,0.00,289,11,65),(411,35000.00,1,0.00,289,11,64),(412,75000.00,1,0.00,290,15,48),(413,35000.00,1,0.00,291,12,65),(414,75000.00,1,0.00,292,33,65),(415,35000.00,1,0.00,293,1,76),(416,25000.00,1,0.00,293,46,57),(417,55000.00,1,0.00,294,5,53),(418,55000.00,1,0.00,294,5,71),(419,25000.00,1,0.00,294,46,71),(420,35000.00,1,0.00,295,37,47),(421,50000.00,1,0.00,296,15,40),(423,25000.00,1,0.00,298,46,57),(424,20000.00,1,0.00,299,7,63),(425,30000.00,1,0.00,299,1,63),(426,80000.00,1,0.00,300,33,48),(427,15000.00,1,0.00,301,44,57),(428,75000.00,1,0.00,302,14,64),(429,280000.00,1,0.00,302,9,63),(430,35000.00,1,0.00,303,1,76),(431,25000.00,1,0.00,304,46,57),(432,35000.00,1,0.00,304,1,63),(433,30000.00,1,0.00,305,1,63),(434,20000.00,1,0.00,306,7,76),(435,5000.00,1,0.00,307,23,57),(436,20000.00,1,0.00,308,19,76),(437,35000.00,1,0.00,308,37,65),(438,15000.00,1,0.00,308,12,48),(439,90000.00,1,0.00,309,33,64),(440,30000.00,1,0.00,310,11,65),(441,55000.00,1,0.00,311,24,57),(442,90000.00,1,0.00,311,33,65),(443,20000.00,1,0.00,312,19,48),(444,80000.00,1,0.00,312,32,48),(445,55000.00,1,0.00,297,4,57),(446,20000.00,1,0.00,313,19,64),(448,15000.00,1,0.00,314,44,57),(449,10000.00,1,0.00,315,3,57),(450,5000.00,1,0.00,315,23,57),(451,80000.00,1,0.00,316,28,65),(452,30000.00,1,0.00,317,7,63),(455,25000.00,1,0.00,319,46,71),(456,35000.00,1,0.00,320,11,44),(457,35000.00,1,0.00,321,11,46),(458,70000.00,1,0.00,321,14,43),(459,15000.00,1,0.00,322,6,53),(460,35000.00,1,0.00,323,1,76),(461,120000.00,1,0.00,324,2,52),(462,90000.00,1,0.00,325,22,72),(463,20000.00,1,0.00,326,19,64),(464,15000.00,1,0.00,327,44,57),(465,10000.00,1,0.00,327,3,57),(466,35000.00,1,0.00,328,37,65),(467,15000.00,1,0.00,328,44,57),(468,60000.00,1,0.00,329,15,47),(469,30000.00,1,0.00,330,1,50),(470,50000.00,1,0.00,331,1,74),(471,30000.00,1,0.00,332,42,71),(472,35000.00,1,0.00,333,37,44),(473,80000.00,1,0.00,333,28,78),(474,90000.00,1,0.00,334,33,48),(475,40000.00,1,0.00,334,4,57),(476,35000.00,1,0.00,335,37,46),(477,20000.00,1,0.00,335,36,47),(478,20000.00,1,0.00,336,24,71),(479,35000.00,1,0.00,337,20,48),(480,80000.00,1,0.00,338,25,76),(481,30000.00,1,0.00,338,37,64),(482,25000.00,1,0.00,338,46,57),(483,30000.00,1,0.00,339,35,53),(484,15000.00,1,0.00,340,44,71),(485,35000.00,1,0.00,340,37,40),(486,23000.00,1,0.00,341,3,53),(487,110000.00,1,0.00,341,28,48),(488,35000.00,1,0.00,342,37,46),(489,25000.00,1,0.00,343,24,57),(490,40000.00,1,0.00,344,11,48),(491,20000.00,1,0.00,344,37,44),(492,35000.00,1,0.00,345,37,43),(493,20000.00,1,0.00,345,24,53),(494,85000.00,1,0.00,346,28,72),(495,25000.00,1,0.00,346,24,71),(496,100000.00,1,0.00,347,14,43),(497,100000.00,1,0.00,348,25,63),(498,105000.00,1,0.00,348,33,65),(499,30000.00,1,0.00,349,1,63),(500,30000.00,1,0.00,349,35,57),(501,35000.00,1,0.00,349,37,64),(502,30000.00,1,0.00,350,35,57),(503,65000.00,1,0.00,350,32,48),(504,40000.00,1,0.00,351,1,50),(505,80000.00,1,0.00,352,25,63),(506,25000.00,1,0.00,353,46,71),(507,20000.00,1,0.00,354,37,48),(508,35000.00,1,0.00,355,20,47),(509,75000.00,1,0.00,355,14,44),(510,50000.00,1,0.00,356,4,53),(511,90000.00,1,0.00,357,33,78),(512,20000.00,1,0.00,358,37,43),(513,10000.00,1,0.00,359,3,57),(514,5000.00,1,0.00,359,23,57),(515,35000.00,1,0.00,359,37,64),(516,35000.00,1,0.00,360,37,65),(517,20000.00,1,0.00,361,37,76),(518,35000.00,1,0.00,362,1,74),(519,0.00,1,25000.00,363,46,57),(520,25000.00,1,0.00,364,46,71),(521,50000.00,1,0.00,365,15,40),(522,30000.00,1,0.00,365,1,50),(523,10000.00,1,0.00,365,24,53),(524,50000.00,1,0.00,366,15,78),(525,70000.00,1,0.00,367,22,46),(526,35000.00,1,0.00,368,37,44),(527,30000.00,1,0.00,369,11,43),(528,20000.00,1,0.00,369,37,47),(529,110000.00,1,0.00,369,33,72),(530,30000.00,1,0.00,370,1,50),(531,25000.00,1,0.00,371,24,57),(532,80000.00,1,0.00,371,25,76),(533,35000.00,1,0.00,371,12,65),(534,20000.00,1,0.00,372,37,44),(535,20000.00,1,0.00,372,7,51),(536,15000.00,1,0.00,372,3,71),(537,60000.00,1,0.00,373,15,60),(538,25000.00,1,0.00,374,42,71),(539,40000.00,1,0.00,374,1,49),(540,60000.00,1,0.00,375,15,78),(541,10000.00,1,0.00,375,24,71),(543,25000.00,1,0.00,377,46,57),(544,95000.00,1,0.00,378,33,64),(545,80000.00,1,0.00,378,32,48),(546,65000.00,1,0.00,379,11,40),(547,40000.00,1,0.00,379,1,52),(548,80000.00,1,0.00,379,32,46),(549,55000.00,1,0.00,380,4,53),(550,65000.00,1,0.00,380,11,47),(551,25000.00,1,0.00,381,42,71),(552,35000.00,1,0.00,381,1,52),(553,60000.00,1,0.00,382,15,72),(554,90000.00,1,0.00,383,33,43),(555,40000.00,1,0.00,384,4,71),(556,35000.00,1,0.00,385,37,44),(557,35000.00,1,0.00,386,1,49),(558,25000.00,1,0.00,387,46,71),(559,30000.00,1,0.00,388,1,63),(560,25000.00,1,0.00,388,46,57),(561,35000.00,1,0.00,388,20,48),(562,25000.00,1,0.00,388,19,48),(563,35000.00,1,0.00,389,37,60),(564,105000.00,1,0.00,390,33,48),(565,100000.00,1,0.00,391,34,50),(566,35000.00,1,0.00,392,11,64),(567,95000.00,1,0.00,393,28,43),(568,90000.00,1,0.00,394,33,78),(569,5000.00,1,0.00,395,23,57),(570,50000.00,1,0.00,396,4,53),(571,135000.00,1,0.00,397,33,65),(572,35000.00,1,0.00,398,1,49),(573,120000.00,1,0.00,398,49,53),(574,35000.00,1,0.00,399,1,49),(575,25000.00,1,0.00,399,46,53),(576,100000.00,1,0.00,400,47,44),(577,71250.00,1,0.00,401,28,46),(578,35000.00,1,0.00,402,46,57),(579,20000.00,1,0.00,402,45,57),(580,40000.00,1,0.00,403,4,71),(581,40000.00,1,0.00,403,1,49),(582,10000.00,1,0.00,403,7,49),(583,20000.00,1,0.00,404,12,60),(585,30000.00,1,0.00,406,1,49),(586,10000.00,1,0.00,407,24,53),(587,35000.00,1,0.00,407,12,72),(588,40000.00,1,0.00,408,11,64),(589,30000.00,1,0.00,409,1,51),(590,20000.00,1,0.00,410,24,57),(591,50000.00,1,0.00,411,1,50),(592,25000.00,1,0.00,412,46,57),(593,40000.00,1,0.00,413,1,63),(594,30000.00,1,0.00,413,7,63),(595,35000.00,1,0.00,414,37,65),(596,30000.00,1,0.00,415,1,52),(597,25000.00,1,0.00,416,3,71),(598,10000.00,1,0.00,417,3,57),(599,5000.00,1,0.00,417,23,57),(600,40000.00,1,0.00,418,1,52),(604,85000.00,1,0.00,420,28,60),(605,60000.00,1,0.00,421,26,51),(606,30000.00,1,0.00,422,35,71),(607,20000.00,1,0.00,422,7,52),(608,30000.00,1,0.00,423,1,74),(609,35000.00,1,0.00,423,12,78),(610,30000.00,1,0.00,424,35,71),(611,100000.00,1,0.00,425,22,48),(612,35000.00,1,0.00,426,12,60),(613,35000.00,1,0.00,427,11,78),(614,35000.00,1,0.00,427,1,52),(616,30000.00,1,0.00,429,35,57),(617,40000.00,1,0.00,429,1,76),(618,35000.00,1,0.00,429,1,76),(619,15000.00,1,0.00,429,46,57),(620,25000.00,1,0.00,430,46,57),(621,40000.00,1,0.00,431,1,76),(622,10000.00,1,0.00,431,24,57),(623,35000.00,1,0.00,419,1,51),(624,50000.00,1,0.00,419,32,78),(625,35000.00,1,0.00,419,35,71),(626,63000.00,1,0.00,432,26,74),(629,15000.00,1,0.00,434,3,53),(630,60000.00,1,0.00,435,15,44),(631,33000.00,1,0.00,436,1,50),(632,20000.00,1,0.00,437,12,78),(633,20000.00,1,0.00,438,12,46),(634,35000.00,1,0.00,439,1,49),(635,30000.00,1,0.00,440,1,51),(636,35000.00,1,0.00,441,3,53),(637,35000.00,1,0.00,442,1,50),(638,20000.00,1,0.00,443,12,43),(639,75000.00,1,0.00,444,32,40),(640,50000.00,1,0.00,445,32,64),(641,60000.00,1,0.00,446,15,64),(642,30000.00,1,0.00,447,1,61),(643,30000.00,1,0.00,448,35,53),(644,20000.00,1,0.00,449,12,78),(645,30000.00,1,0.00,450,11,60),(646,10000.00,1,0.00,451,14,44),(647,25000.00,1,0.00,451,3,53),(648,30000.00,1,0.00,452,1,50),(649,25000.00,1,0.00,453,3,53),(650,40000.00,1,0.00,454,1,51),(651,35000.00,1,0.00,455,1,48),(652,50000.00,1,0.00,456,3,53),(653,40000.00,1,0.00,457,1,50),(654,20000.00,1,0.00,458,19,64),(655,10000.00,1,0.00,459,3,53),(656,10000.00,1,0.00,460,24,71),(657,70000.00,1,0.00,461,29,60),(658,100000.00,1,0.00,461,29,78),(659,10000.00,1,0.00,462,24,71),(660,120000.00,1,0.00,463,8,48),(661,20000.00,1,0.00,464,19,79),(662,20000.00,1,0.00,465,19,79),(663,10000.00,1,0.00,465,3,59),(664,5000.00,1,0.00,465,23,71),(665,20000.00,1,0.00,466,19,79),(666,40000.00,1,0.00,467,4,53),(667,40000.00,1,0.00,467,1,63),(668,100000.00,1,0.00,468,33,44),(669,25000.00,1,0.00,468,3,53),(670,30000.00,1,0.00,468,7,63),(671,260000.00,1,0.00,468,48,49),(672,50000.00,1,0.00,469,32,64),(673,80000.00,1,0.00,469,25,48),(674,25000.00,1,0.00,470,12,40),(675,50000.00,1,0.00,471,11,72),(676,280000.00,1,0.00,471,9,63),(677,25000.00,1,0.00,472,12,44),(678,35000.00,1,0.00,473,1,49),(679,20000.00,1,0.00,473,12,43),(680,35000.00,1,0.00,474,12,60),(681,90000.00,1,0.00,475,28,72),(682,140000.00,1,0.00,476,49,53),(683,35000.00,1,0.00,476,3,53),(684,70000.00,1,0.00,477,14,79),(685,30000.00,1,0.00,478,1,49),(686,10000.00,1,0.00,479,3,57),(687,50000.00,1,0.00,480,15,47),(688,60000.00,1,0.00,481,32,48),(689,190000.00,1,0.00,482,8,63),(690,50000.00,1,0.00,483,32,40),(691,40000.00,1,0.00,484,1,50),(692,90000.00,1,0.00,485,28,72),(693,35000.00,1,0.00,486,1,49),(694,55000.00,1,0.00,487,32,46),(695,30000.00,1,0.00,487,42,53),(696,85000.00,1,0.00,488,32,48),(697,25000.00,1,0.00,488,3,53),(698,80000.00,1,0.00,489,2,63),(699,100000.00,1,0.00,490,27,78),(700,35000.00,1,0.00,491,12,79),(703,40000.00,1,0.00,493,1,50),(704,25000.00,1,0.00,493,3,53),(705,70000.00,1,0.00,494,28,43),(706,30000.00,1,0.00,494,11,72),(707,100000.00,1,0.00,495,8,52),(708,10000.00,1,0.00,495,3,53),(709,80000.00,1,0.00,496,14,80),(710,40000.00,1,0.00,497,7,50),(711,125000.00,1,0.00,497,28,44),(712,20000.00,1,0.00,498,19,78),(713,70000.00,1,0.00,499,14,60),(714,25000.00,1,0.00,500,3,53),(715,15000.00,1,0.00,501,12,48),(716,10000.00,1,0.00,501,3,53),(717,85000.00,1,0.00,502,14,46),(718,60000.00,1,0.00,503,15,48),(719,70000.00,1,0.00,504,15,43),(720,60000.00,1,0.00,505,14,47),(721,40000.00,1,0.00,506,12,40),(722,20000.00,1,0.00,507,12,48),(723,35000.00,1,0.00,508,1,52),(724,35000.00,1,0.00,509,1,76),(725,70000.00,1,0.00,510,14,80),(726,45000.00,1,0.00,511,1,49),(727,10000.00,1,0.00,512,3,53),(728,35000.00,1,0.00,513,1,76),(729,35000.00,1,0.00,513,1,76),(730,35000.00,1,0.00,513,11,48),(731,45000.00,1,0.00,513,11,48),(732,50000.00,1,0.00,514,15,44),(733,20000.00,1,0.00,515,12,43),(734,20000.00,1,0.00,515,7,52),(735,80000.00,1,0.00,516,22,44),(736,35000.00,1,0.00,517,4,57),(737,25000.00,1,0.00,518,46,57),(738,30000.00,1,0.00,519,1,63),(739,30000.00,1,0.00,520,1,76),(740,30000.00,1,0.00,521,1,50),(741,25000.00,1,0.00,521,46,71),(742,30000.00,1,0.00,522,1,49),(743,60000.00,1,0.00,522,15,72),(744,15000.00,1,0.00,522,24,53),(745,35000.00,1,0.00,523,11,40),(746,70000.00,1,0.00,524,14,64),(747,35000.00,1,0.00,524,20,64),(748,30000.00,1,0.00,525,12,72),(749,100000.00,1,0.00,526,14,60),(750,35000.00,1,0.00,526,4,53),(751,20000.00,1,0.00,527,19,64),(752,50000.00,1,0.00,528,15,48),(753,10000.00,1,0.00,528,24,53),(754,35000.00,1,0.00,529,12,47),(755,35000.00,1,0.00,530,1,49),(756,35000.00,1,0.00,531,1,74),(757,15000.00,1,0.00,531,44,57),(758,5000.00,1,0.00,531,23,57),(759,35000.00,1,0.00,532,12,65),(760,35000.00,1,0.00,532,46,57),(761,65000.00,1,0.00,533,22,46),(762,90000.00,1,0.00,534,22,79),(763,30000.00,1,0.00,535,1,49),(764,30000.00,1,0.00,535,35,71),(765,30000.00,1,0.00,536,1,51),(766,20000.00,1,0.00,536,12,72),(767,65000.00,1,0.00,537,11,43),(768,10000.00,1,0.00,538,3,57),(769,35000.00,1,0.00,538,11,64),(770,65000.00,1,0.00,538,15,48),(771,55000.00,1,0.00,539,15,65),(773,25000.00,1,0.00,541,46,57),(774,40000.00,1,0.00,541,1,74),(775,15000.00,1,0.00,541,12,76),(776,25000.00,1,0.00,542,46,57),(777,25000.00,1,0.00,543,46,57),(778,35000.00,1,0.00,544,11,64),(779,65000.00,1,0.00,545,15,48),(781,10000.00,1,0.00,547,3,57),(782,35000.00,1,0.00,548,12,74),(783,110000.00,1,0.00,549,29,48),(784,60000.00,1,0.00,550,15,65),(785,55000.00,1,0.00,551,20,64),(786,25000.00,1,0.00,551,46,57),(787,25000.00,1,0.00,552,46,57),(788,0.00,1,35000.00,553,20,64),(789,40000.00,1,0.00,554,1,76),(790,30000.00,1,0.00,554,35,57),(791,40000.00,1,0.00,554,20,79),(792,40000.00,1,0.00,554,24,57),(793,120000.00,1,0.00,554,50,57),(794,60000.00,1,0.00,555,14,65),(795,20000.00,1,0.00,556,19,74),(796,85000.00,1,0.00,556,29,48),(797,105000.00,1,0.00,556,47,79),(798,10000.00,1,0.00,557,24,71),(799,30000.00,1,0.00,558,1,49),(800,30000.00,1,0.00,559,35,71),(801,55000.00,1,0.00,560,4,53),(802,15000.00,1,0.00,561,37,65),(803,25000.00,1,0.00,562,46,53),(804,30000.00,1,0.00,563,11,43),(805,70000.00,1,0.00,564,14,72),(806,35000.00,1,0.00,565,1,76),(807,25000.00,1,0.00,565,46,57),(808,35000.00,1,0.00,566,37,44),(809,35000.00,1,0.00,567,1,74),(810,25000.00,1,0.00,567,42,57),(811,80000.00,1,0.00,568,25,76),(812,30000.00,1,0.00,568,7,76),(813,80000.00,1,0.00,568,33,64),(814,25000.00,1,0.00,569,46,53),(815,60000.00,1,0.00,570,14,60),(816,20000.00,1,0.00,570,19,60),(817,160000.00,1,0.00,571,34,74),(818,80000.00,1,0.00,571,25,76),(819,110000.00,1,0.00,571,28,79),(820,110000.00,1,0.00,571,28,48),(821,90000.00,1,0.00,572,27,46),(822,35000.00,1,0.00,573,1,49),(823,80000.00,1,0.00,574,22,80),(824,95000.00,1,0.00,575,2,52),(825,30000.00,1,0.00,576,35,71),(826,121000.00,1,0.00,576,27,42),(827,30000.00,1,0.00,577,1,76),(828,25000.00,1,0.00,578,46,71),(829,95000.00,1,0.00,579,28,44),(830,10000.00,1,0.00,580,3,57),(831,5000.00,1,0.00,580,23,57),(832,20000.00,1,0.00,580,19,65),(833,70000.00,1,0.00,581,14,40),(834,10000.00,1,0.00,581,3,57),(835,5000.00,1,0.00,581,23,57),(836,80000.00,1,0.00,581,25,74),(837,35000.00,1,0.00,582,1,50),(838,105000.00,1,0.00,583,25,49),(839,40000.00,1,0.00,584,11,64),(840,40000.00,1,0.00,585,1,74),(841,10000.00,1,0.00,585,3,57),(842,25000.00,1,0.00,586,46,57),(843,30000.00,1,0.00,586,1,76),(844,20000.00,1,0.00,586,19,40),(845,30000.00,1,0.00,587,35,57),(846,35000.00,1,0.00,588,12,48),(847,40000.00,1,0.00,589,1,76),(848,25000.00,1,0.00,589,46,57),(849,40000.00,1,0.00,590,1,76),(850,10000.00,1,0.00,591,3,57),(851,5000.00,1,0.00,591,23,57),(852,50000.00,1,0.00,592,32,79),(853,30000.00,1,0.00,593,37,48),(854,25000.00,1,0.00,594,46,57),(855,25000.00,1,0.00,595,46,57),(856,200000.00,1,0.00,595,8,74),(857,80000.00,1,0.00,596,2,74),(858,35000.00,1,0.00,597,12,64),(859,35000.00,1,0.00,598,1,76),(860,30000.00,1,0.00,598,42,57),(861,20000.00,1,0.00,599,46,64),(862,25000.00,1,0.00,599,46,57),(863,35000.00,1,0.00,599,20,48),(864,80000.00,1,0.00,600,14,65),(865,30000.00,1,0.00,601,24,71),(866,50000.00,1,0.00,602,32,72),(867,25000.00,1,0.00,603,46,53),(868,50000.00,1,0.00,604,15,43),(869,25000.00,1,0.00,605,46,53),(870,25000.00,1,0.00,606,37,80),(871,40000.00,1,0.00,606,11,82),(872,25000.00,1,0.00,606,46,71),(873,35000.00,1,0.00,607,37,82),(874,35000.00,1,0.00,608,37,72),(875,35000.00,1,0.00,608,37,82),(876,35000.00,1,0.00,608,1,49),(877,80000.00,1,0.00,609,1,51),(878,60000.00,1,0.00,609,15,43),(879,55000.00,1,0.00,610,1,50),(880,80000.00,1,0.00,611,28,46),(881,30000.00,1,0.00,612,35,71),(882,105000.00,1,0.00,613,33,40),(883,38000.00,1,0.00,614,1,76),(884,15000.00,1,0.00,615,19,79),(885,20000.00,1,0.00,615,19,79),(886,25000.00,1,0.00,615,46,57),(887,15000.00,1,0.00,615,37,48),(888,70000.00,1,0.00,615,14,79),(889,30000.00,1,0.00,616,11,64),(890,80000.00,1,0.00,616,14,65),(891,55000.00,1,0.00,616,4,57),(892,50000.00,1,0.00,617,32,64),(893,10000.00,1,0.00,618,3,57),(894,10000.00,1,0.00,618,37,48),(895,35000.00,1,0.00,618,1,76),(896,35000.00,1,0.00,618,37,65),(897,95000.00,1,0.00,619,27,80),(898,35000.00,1,0.00,620,37,47),(899,15000.00,1,0.00,621,24,53),(900,30000.00,1,0.00,621,1,49),(901,35000.00,1,0.00,622,37,43),(902,20000.00,1,0.00,623,36,42),(903,20000.00,1,0.00,624,19,60),(904,20000.00,1,0.00,624,19,46),(905,30000.00,1,0.00,625,11,40),(906,30000.00,1,0.00,626,11,82),(907,10000.00,1,0.00,627,24,71),(908,15000.00,1,0.00,628,44,71),(909,105000.00,1,0.00,629,33,72),(910,30000.00,1,0.00,630,11,64),(911,25000.00,1,0.00,631,46,53),(912,50000.00,1,0.00,632,1,63),(913,10000.00,1,0.00,633,3,57),(914,5000.00,1,0.00,633,23,57),(915,95000.00,1,0.00,634,33,82),(916,15000.00,1,0.00,635,3,57),(917,5000.00,1,0.00,635,23,57),(918,20000.00,1,0.00,635,19,76),(919,105000.00,1,0.00,636,27,40),(920,100000.00,1,0.00,636,27,60),(921,25000.00,1,0.00,637,46,53),(922,20000.00,1,0.00,638,37,72),(923,35000.00,1,0.00,638,37,80),(924,50000.00,1,0.00,639,1,49),(925,50000.00,1,0.00,640,4,71),(926,50000.00,1,0.00,640,20,72),(927,55000.00,1,0.00,641,32,46),(928,70000.00,1,0.00,641,32,43),(929,35000.00,1,0.00,641,37,47),(930,65000.00,1,0.00,642,32,42),(931,25000.00,1,0.00,643,46,53),(932,15000.00,1,0.00,644,44,53),(933,35000.00,1,0.00,645,1,63),(934,25000.00,1,0.00,645,46,71),(935,50000.00,1,0.00,646,15,43),(936,35000.00,1,0.00,647,37,72),(938,25000.00,1,0.00,649,46,53),(939,25000.00,1,0.00,649,46,53),(940,30000.00,1,0.00,650,7,74),(941,40000.00,1,0.00,651,1,76),(942,10000.00,1,0.00,652,24,53),(943,65000.00,1,0.00,652,15,46),(944,35000.00,1,0.00,653,11,43),(945,20000.00,1,0.00,653,37,43),(946,35000.00,1,0.00,654,37,42),(947,15000.00,1,0.00,655,37,65),(948,50000.00,1,0.00,656,4,57),(949,50000.00,1,0.00,657,15,40),(950,10000.00,1,0.00,658,3,57),(951,45000.00,1,0.00,659,11,48),(952,20000.00,1,0.00,659,19,48),(953,20000.00,1,0.00,659,19,48),(954,60000.00,1,0.00,660,15,64),(955,90000.00,1,0.00,661,29,65),(956,10000.00,1,0.00,661,3,57),(957,5000.00,1,0.00,661,23,57),(958,50000.00,1,0.00,662,1,63),(959,40000.00,1,0.00,663,5,57),(960,35000.00,1,0.00,663,1,76),(961,100000.00,1,0.00,663,28,48),(962,10000.00,1,0.00,664,3,57),(963,25000.00,1,0.00,664,46,57),(964,25000.00,1,0.00,665,46,57),(965,30000.00,1,0.00,665,1,76),(966,20000.00,1,0.00,665,7,76),(967,15000.00,1,0.00,666,37,43),(968,95000.00,1,0.00,667,28,82),(969,65000.00,1,0.00,668,22,46),(970,15000.00,1,0.00,669,46,71),(971,50000.00,1,0.00,670,15,72),(972,90000.00,1,0.00,670,29,80),(973,35000.00,1,0.00,671,37,43),(974,25000.00,1,0.00,672,37,64),(975,75000.00,1,0.00,672,14,65),(976,50000.00,1,0.00,672,15,65),(977,35000.00,1,0.00,673,37,40),(978,35000.00,1,0.00,674,20,64),(979,20000.00,1,0.00,674,19,76),(980,35000.00,1,0.00,675,20,48),(981,20000.00,1,0.00,676,1,74),(982,80000.00,1,0.00,676,2,74),(983,30000.00,1,0.00,677,1,49),(984,320000.00,1,0.00,678,8,74),(985,25000.00,1,0.00,678,46,57),(986,60000.00,1,0.00,679,15,72),(987,40000.00,1,0.00,680,1,49),(988,35000.00,1,0.00,680,11,46),(989,45000.00,1,0.00,681,11,80),(993,25000.00,1,0.00,682,42,57),(994,15000.00,1,0.00,682,24,57),(995,50000.00,1,0.00,682,15,65),(996,35000.00,1,0.00,683,37,42),(997,70000.00,1,0.00,683,15,47),(998,15000.00,1,0.00,684,35,71),(999,35000.00,1,0.00,684,37,40),(1000,55000.00,1,0.00,685,32,43),(1001,15000.00,1,0.00,686,24,71),(1002,80000.00,1,0.00,686,15,82),(1003,120000.00,1,0.00,687,29,60),(1004,80000.00,1,0.00,687,22,46),(1009,15000.00,1,0.00,689,44,57),(1010,5000.00,1,0.00,689,23,57),(1011,50000.00,1,0.00,648,11,80),(1020,50000.00,1,0.00,691,1,63),(1021,35000.00,1,0.00,691,11,42),(1022,50000.00,1,0.00,691,32,42),(1023,70000.00,1,0.00,691,15,47),(1024,40000.00,1,0.00,692,1,76),(1025,15000.00,1,0.00,693,24,53),(1026,25000.00,1,0.00,694,42,53),(1027,70000.00,1,0.00,695,15,44),(1028,40000.00,1,0.00,696,3,71),(1029,50000.00,1,0.00,697,1,74),(1030,30000.00,1,0.00,698,1,63),(1031,50000.00,1,0.00,699,1,49),(1032,20000.00,1,0.00,700,19,65),(1033,45000.00,1,0.00,701,35,53),(1034,55000.00,1,0.00,701,32,46),(1035,15000.00,1,0.00,702,24,71),(1036,35000.00,1,0.00,703,37,82);
/*!40000 ALTER TABLE `ks_factura_detalles` ENABLE KEYS */;
UNLOCK TABLES;

--
-- Table structure for table `ks_factura_productos`
--

DROP TABLE IF EXISTS `ks_factura_productos`;
/*!40101 SET @saved_cs_client     = @@character_set_client */;
/*!50503 SET character_set_client = utf8mb4 */;
CREATE TABLE `ks_factura_productos` (
  `FP_IDFACTURA_PRODUCTO_PK` int NOT NULL AUTO_INCREMENT,
  `FP_VALOR` decimal(15,2) NOT NULL,
  `fp_cantidad` int DEFAULT '1',
  `FC_IDFACTURA_FK` int NOT NULL,
  `PR_IDPRODUCTO_FK` int NOT NULL,
  `fp_porcentaje_aplicado` decimal(5,2) DEFAULT '0.00',
  `fp_comision_valor` decimal(15,2) DEFAULT '0.00',
  `FD_IDDETALLE_FK` int DEFAULT NULL,
  `TR_IDTECNICO_FK` int NOT NULL,
  PRIMARY KEY (`FP_IDFACTURA_PRODUCTO_PK`),
  KEY `FK_FACTURA_PRODUCTO_FACTURA` (`FC_IDFACTURA_FK`),
  KEY `FK_FACTURA_PRODUCTO_PRODUCTO` (`PR_IDPRODUCTO_FK`),
  KEY `FK_FACTURA_PRODUCTO_TECNICO` (`TR_IDTECNICO_FK`),
  KEY `FK_FACTURA_PRODUCTO_DETALLE` (`FD_IDDETALLE_FK`),
  CONSTRAINT `FK_FACTURA_PRODUCTO_DETALLE` FOREIGN KEY (`FD_IDDETALLE_FK`) REFERENCES `ks_factura_detalles` (`FD_IDDETALLE_PK`) ON DELETE SET NULL,
  CONSTRAINT `FK_FACTURA_PRODUCTO_FACTURA` FOREIGN KEY (`FC_IDFACTURA_FK`) REFERENCES `ks_facturas` (`FC_IDFACTURA_PK`),
  CONSTRAINT `FK_FACTURA_PRODUCTO_PRODUCTO` FOREIGN KEY (`PR_IDPRODUCTO_FK`) REFERENCES `ks_productos` (`PR_IDPRODUCTO_PK`),
  CONSTRAINT `FK_FACTURA_PRODUCTO_TECNICO` FOREIGN KEY (`TR_IDTECNICO_FK`) REFERENCES `ks_trabajadores` (`TR_IDTRABAJADOR_PK`)
) ENGINE=InnoDB AUTO_INCREMENT=80 DEFAULT CHARSET=latin1;
/*!40101 SET character_set_client = @saved_cs_client */;

--
-- Dumping data for table `ks_factura_productos`
--

LOCK TABLES `ks_factura_productos` WRITE;
/*!40000 ALTER TABLE `ks_factura_productos` DISABLE KEYS */;
INSERT INTO `ks_factura_productos` VALUES (2,30000.00,1,3,5,0.00,0.00,4,56),(3,60000.00,1,20,4,0.00,0.00,25,49),(4,30000.00,1,33,6,0.00,0.00,42,52),(5,5000.00,1,38,2,0.00,0.00,50,54),(7,5000.00,1,47,2,0.00,0.00,66,53),(8,30000.00,1,48,5,0.00,0.00,67,49),(9,15000.00,1,71,6,0.00,0.00,106,49),(10,40000.00,1,93,5,0.00,0.00,134,50),(12,30000.00,1,99,5,0.00,0.00,142,51),(13,5000.00,1,124,2,0.00,0.00,172,53),(14,40000.00,1,126,5,0.00,0.00,176,49),(15,20000.00,1,97,1,0.00,0.00,186,49),(16,120000.00,1,136,9,0.00,0.00,193,52),(17,40000.00,1,144,10,0.00,0.00,207,51),(18,3000.00,1,154,11,0.00,0.00,225,56),(19,15000.00,1,177,6,0.00,0.00,261,52),(20,5000.00,1,179,2,0.00,0.00,264,53),(21,5000.00,1,188,2,0.00,0.00,278,53),(22,40000.00,1,193,10,0.00,0.00,284,49),(23,30000.00,1,244,5,0.00,0.00,350,49),(24,80000.00,1,273,10,0.00,0.00,389,49),(25,5000.00,1,274,2,0.00,0.00,391,73),(26,20000.00,1,274,1,0.00,0.00,391,74),(27,3000.00,1,274,11,0.00,0.00,391,74),(28,5000.00,1,297,2,0.00,0.00,445,57),(29,20000.00,1,324,1,0.00,0.00,461,52),(30,3000.00,1,362,11,0.00,0.00,518,74),(31,40000.00,1,391,10,0.00,0.00,565,50),(32,5000.00,1,398,13,0.00,0.00,573,53),(33,3000.00,1,409,11,0.00,0.00,589,51),(34,15000.00,1,421,6,0.00,0.00,605,51),(36,3000.00,1,431,11,0.00,0.00,621,76),(37,18000.00,1,432,15,0.00,0.00,626,74),(42,3000.00,1,436,11,0.00,0.00,631,50),(43,70000.00,1,468,10,0.00,0.00,668,49),(44,87000.00,1,471,9,0.00,0.00,676,63),(45,5000.00,1,476,13,0.00,0.00,682,53),(46,50000.00,1,482,9,0.00,0.00,689,63),(47,5000.00,1,487,8,0.00,0.00,695,53),(48,20000.00,1,489,1,0.00,0.00,698,63),(50,30000.00,1,495,9,0.00,0.00,707,52),(51,5000.00,1,517,2,0.00,0.00,736,57),(52,5000.00,1,567,2,0.00,0.00,810,57),(53,30000.00,1,568,5,0.00,0.00,811,76),(54,40000.00,1,571,10,0.00,0.00,817,74),(55,30000.00,1,571,5,0.00,0.00,818,76),(56,20000.00,1,575,1,0.00,0.00,824,52),(57,30000.00,1,581,5,0.00,0.00,836,74),(58,30000.00,1,583,5,0.00,0.00,838,49),(59,15000.00,1,595,6,0.00,0.00,856,74),(60,40000.00,1,595,9,0.00,0.00,856,74),(61,20000.00,1,596,1,0.00,0.00,857,74),(62,5000.00,2,598,2,0.00,0.00,860,57),(63,25000.00,1,609,9,0.00,0.00,877,51),(64,10000.00,1,610,4,0.00,0.00,879,50),(65,3000.00,1,614,11,0.00,0.00,883,76),(66,10000.00,1,632,17,0.00,0.00,912,63),(67,5000.00,1,656,8,0.00,0.00,948,57),(68,10000.00,1,662,17,0.00,0.00,958,63),(69,5000.00,1,663,2,0.00,0.00,959,57),(70,20000.00,1,676,1,0.00,0.00,981,74),(72,5000.00,1,682,2,0.00,0.00,993,57),(76,10000.00,1,691,17,0.00,0.00,1020,63),(77,5000.00,1,694,2,0.00,0.00,1026,53),(78,0.00,1,697,17,0.00,0.00,1029,74),(79,0.00,1,699,17,0.00,0.00,1031,49);
/*!40000 ALTER TABLE `ks_factura_productos` ENABLE KEYS */;
UNLOCK TABLES;

--
-- Table structure for table `ks_facturas`
--

DROP TABLE IF EXISTS `ks_facturas`;
/*!40101 SET @saved_cs_client     = @@character_set_client */;
/*!50503 SET character_set_client = utf8mb4 */;
CREATE TABLE `ks_facturas` (
  `FC_IDFACTURA_PK` int NOT NULL AUTO_INCREMENT,
  `FC_NUMERO_FACTURA` varchar(50) NOT NULL,
  `FC_FECHA` datetime NOT NULL,
  `FC_CLIENTE_NOMBRE` varchar(255) DEFAULT NULL,
  `FC_CLIENTE_TELEFONO` varchar(20) DEFAULT NULL,
  `FC_TOTAL` decimal(15,2) DEFAULT '0.00',
  `FC_ESTADO` enum('PENDIENTE','PAGADO','CANCELADO') DEFAULT 'PENDIENTE',
  `SC_IDSUCURSAL_FK` int NOT NULL,
  `TR_IDCAJERO_FK` int NOT NULL,
  `FC_TIPO_CLIENTE` enum('CLIENTE','TECNICO') DEFAULT 'CLIENTE',
  `TR_IDCLIENTE_FK` int DEFAULT NULL,
  `FC_EVIDENCIA_FISICA_URL` varchar(500) DEFAULT NULL,
  PRIMARY KEY (`FC_IDFACTURA_PK`),
  UNIQUE KEY `FC_NUMERO_FACTURA` (`FC_NUMERO_FACTURA`),
  KEY `FK_FACTURA_SUCURSAL` (`SC_IDSUCURSAL_FK`),
  KEY `FK_FACTURA_CAJERO` (`TR_IDCAJERO_FK`),
  KEY `FK_FACTURA_CLIENTE_TECNICO` (`TR_IDCLIENTE_FK`),
  CONSTRAINT `FK_FACTURA_CAJERO` FOREIGN KEY (`TR_IDCAJERO_FK`) REFERENCES `ks_trabajadores` (`TR_IDTRABAJADOR_PK`),
  CONSTRAINT `FK_FACTURA_CLIENTE_TECNICO` FOREIGN KEY (`TR_IDCLIENTE_FK`) REFERENCES `ks_trabajadores` (`TR_IDTRABAJADOR_PK`),
  CONSTRAINT `FK_FACTURA_SUCURSAL` FOREIGN KEY (`SC_IDSUCURSAL_FK`) REFERENCES `ks_sucursales` (`SC_IDSUCURSAL_PK`)
) ENGINE=InnoDB AUTO_INCREMENT=704 DEFAULT CHARSET=latin1;
/*!40101 SET character_set_client = @saved_cs_client */;

--
-- Dumping data for table `ks_facturas`
--

LOCK TABLES `ks_facturas` WRITE;
/*!40000 ALTER TABLE `ks_facturas` DISABLE KEYS */;
INSERT INTO `ks_facturas` VALUES (2,'1918','2026-05-28 00:00:00','angela','3007218358',35000.00,'PAGADO',1,39,'CLIENTE',NULL,NULL),(3,'1377','2026-05-28 00:00:00','MELANY','3105270530',80000.00,'PAGADO',2,56,'CLIENTE',NULL,NULL),(4,'1373','2026-05-28 00:00:00','TATIANA','0000000',30000.00,'PAGADO',2,56,'CLIENTE',NULL,NULL),(5,'1375','2026-05-28 00:00:00','WENDY','3014511334',70000.00,'PAGADO',2,56,'CLIENTE',NULL,NULL),(6,'1378','2026-05-28 00:00:00','MARIANA','3016110970',20000.00,'PAGADO',2,56,'CLIENTE',NULL,NULL),(7,'1374','2026-05-28 00:00:00','TORETO','3052118267',70000.00,'PAGADO',2,56,'CLIENTE',NULL,NULL),(8,'1376','2026-05-28 00:00:00','EVELIN','3246868804',115000.00,'PAGADO',2,56,'CLIENTE',NULL,NULL),(9,'1383','2026-05-28 00:00:00','andrea','3024064473',30000.00,'PAGADO',2,56,'CLIENTE',NULL,NULL),(10,'1380','2026-05-28 00:00:00','diana','317483480',70000.00,'PAGADO',2,56,'CLIENTE',NULL,NULL),(11,'1381','2026-05-28 00:00:00','eulalia','31049055',160000.00,'PAGADO',2,56,'CLIENTE',NULL,NULL),(12,'1379','2026-05-28 00:00:00','daniela','3013002836',105000.00,'PAGADO',2,56,'CLIENTE',NULL,NULL),(13,'1384','2026-05-28 00:00:00','maria ','3006908006',40000.00,'PAGADO',2,56,'CLIENTE',NULL,NULL),(14,'1382','2026-05-28 00:00:00','lina','3002516095',60000.00,'PAGADO',2,56,'CLIENTE',NULL,NULL),(16,'1955','2026-05-29 00:00:00','OSCAR','3113201015',20000.00,'PAGADO',1,39,'CLIENTE',NULL,'https://kairos-stylos-storage.sfo3.digitaloceanspaces.com/temp/1977e1c0-0ebc-4ab8-8dfb-28c4343e6d3e.jpg'),(17,'1386','2026-05-29 00:00:00','GISELL','3006660947',50000.00,'PAGADO',2,56,'CLIENTE',NULL,NULL),(18,'1960','2026-05-29 00:00:00','rebeca','3044507447',10000.00,'PAGADO',1,39,'CLIENTE',NULL,'https://kairos-stylos-storage.sfo3.digitaloceanspaces.com/temp/adad6ce7-bd7a-4de8-8d53-4dd18e6bba68.jpg'),(19,'1958','2026-05-29 00:00:00','daniela','3206236843',45000.00,'PAGADO',1,39,'CLIENTE',NULL,'https://kairos-stylos-storage.sfo3.digitaloceanspaces.com/temp/2ac53d08-738b-4210-ad92-67410e4c0c43.jpg'),(20,'1957','2026-05-29 00:00:00','breisy','3223956232',135000.00,'PAGADO',1,39,'CLIENTE',NULL,'https://kairos-stylos-storage.sfo3.digitaloceanspaces.com/temp/49dac764-24b2-47ac-98f9-d3d9486c1108.jpg'),(21,'1959','2026-05-29 00:00:00','lia','3015508461',65000.00,'PAGADO',1,39,'CLIENTE',NULL,'https://kairos-stylos-storage.sfo3.digitaloceanspaces.com/temp/830de865-2eb5-4533-b8cb-613fc9880931.jpg'),(22,'1961','2026-05-29 00:00:00','karen','3125811007',60000.00,'PAGADO',1,39,'CLIENTE',NULL,NULL),(23,'1962','2026-05-29 00:00:00','meibelyn','3016341862',55000.00,'PAGADO',1,39,'CLIENTE',NULL,'https://kairos-stylos-storage.sfo3.digitaloceanspaces.com/temp/a718ee08-1caa-4604-b86a-6851a9173edf.jpg'),(24,'1975','2026-05-29 00:00:00','carolina','3014532058',25000.00,'PAGADO',1,39,'CLIENTE',NULL,'https://kairos-stylos-storage.sfo3.digitaloceanspaces.com/temp/896a1bcb-4ce6-439e-86f3-db0f59f3a65b.jpg'),(25,'1963','2026-05-29 00:00:00','sandy','3104578268',60000.00,'PAGADO',1,39,'CLIENTE',NULL,'https://kairos-stylos-storage.sfo3.digitaloceanspaces.com/temp/15a3b2c1-3f43-41ff-be8a-4e3ced1fa44b.jpg'),(26,'1965','2026-05-29 00:00:00','padis','3232852618',75000.00,'PAGADO',1,39,'CLIENTE',NULL,NULL),(27,'1968','2026-05-29 00:00:00','claudia','3022483910',40000.00,'PAGADO',1,39,'CLIENTE',NULL,NULL),(28,'1967','2026-05-29 00:00:00','maria jose','3021295524',35000.00,'PAGADO',1,39,'CLIENTE',NULL,NULL),(29,'1391','2026-05-29 00:00:00','eni','3126233808',35000.00,'PAGADO',2,56,'CLIENTE',NULL,NULL),(30,'1971','2026-05-29 00:00:00','sara','|3044976865',105000.00,'PAGADO',1,39,'CLIENTE',NULL,NULL),(31,'1980','2026-05-29 00:00:00','yesica','3011924766',55000.00,'PAGADO',1,39,'CLIENTE',NULL,'https://kairos-stylos-storage.sfo3.digitaloceanspaces.com/temp/b5b1ce8f-1f23-4279-b737-78d47bfed610.jpg'),(32,'1388','2026-05-29 00:00:00','maria paula ','3165751810',50000.00,'PAGADO',2,56,'CLIENTE',NULL,NULL),(33,'1972','2026-05-29 00:00:00','lizbeth','3022757312',100000.00,'PAGADO',1,39,'CLIENTE',NULL,'https://kairos-stylos-storage.sfo3.digitaloceanspaces.com/temp/87574213-e125-44f8-8a21-171beb9dfea4.jpg'),(35,'1964','2026-05-29 00:00:00','lina','3146534163',160000.00,'PAGADO',1,39,'CLIENTE',NULL,'https://kairos-stylos-storage.sfo3.digitaloceanspaces.com/temp/4496d044-2e2e-41cb-8ba5-68f1b24f36d1.jpg'),(36,'1393','2026-05-29 00:00:00','diana','3004180033',5000.00,'PAGADO',2,56,'CLIENTE',NULL,NULL),(38,'1983','2026-05-29 00:00:00','maria fernandez','3207351684',50000.00,'PAGADO',1,39,'CLIENTE',NULL,'https://kairos-stylos-storage.sfo3.digitaloceanspaces.com/temp/55fab035-dd28-4e34-8fa9-209281c619b6.jpg'),(39,'1395','2026-05-29 00:00:00','linda','3024036712',15000.00,'PAGADO',2,56,'CLIENTE',NULL,NULL),(40,'1981','2026-05-29 00:00:00','lina','3014837809',40000.00,'PAGADO',1,39,'CLIENTE',NULL,'https://kairos-stylos-storage.sfo3.digitaloceanspaces.com/temp/d411aeb5-4b34-4533-a731-1b4e6a143a88.jpg'),(42,'1974','2026-05-29 00:00:00','tania','3118324580',140000.00,'PAGADO',1,39,'CLIENTE',NULL,'https://kairos-stylos-storage.sfo3.digitaloceanspaces.com/temp/df44d0f3-2b8c-45e4-9fce-e5be2cb4d721.jpg'),(43,'1987','2026-05-29 00:00:00','sandy','3104578268',95000.00,'PAGADO',1,39,'CLIENTE',NULL,'https://kairos-stylos-storage.sfo3.digitaloceanspaces.com/temp/163493c3-f282-4222-9a95-56a45d4d3f0a.jpg'),(44,'1982','2026-05-29 00:00:00','vanesa','3014124795',85000.00,'PAGADO',1,39,'CLIENTE',NULL,'https://kairos-stylos-storage.sfo3.digitaloceanspaces.com/temp/e6a48455-bcc7-4295-81b6-5498ad763317.jpg'),(45,'1970','2026-05-29 00:00:00','jenifer','30124735379',50000.00,'PAGADO',1,39,'CLIENTE',NULL,NULL),(46,'1991','2026-05-29 00:00:00','juliana','3243301647',40000.00,'PAGADO',1,39,'CLIENTE',NULL,'https://kairos-stylos-storage.sfo3.digitaloceanspaces.com/temp/13ac7127-fdec-4b96-ab2b-e698f7c1f00a.jpg'),(47,'1976','2026-05-29 00:00:00','karen','350789258',80000.00,'PAGADO',1,39,'CLIENTE',NULL,'https://kairos-stylos-storage.sfo3.digitaloceanspaces.com/temp/4d1eadce-af77-42fe-9f57-1b7a6054d732.jpg'),(48,'1984','2026-05-29 00:00:00','alba','3107917746',170000.00,'PAGADO',1,39,'CLIENTE',NULL,'https://kairos-stylos-storage.sfo3.digitaloceanspaces.com/temp/8415baa6-f60a-4e89-8912-8cba8c13c470.jpg'),(49,'1979','2026-05-29 00:00:00','carla','3004951550',35000.00,'PAGADO',1,39,'CLIENTE',NULL,'https://kairos-stylos-storage.sfo3.digitaloceanspaces.com/temp/a417c3dc-0a3a-43a6-a4e8-79d5d12d812b.jpg'),(50,'1969','2026-05-29 00:00:00','angie','3178557600',35000.00,'PAGADO',1,39,'CLIENTE',NULL,'https://kairos-stylos-storage.sfo3.digitaloceanspaces.com/temp/5ce08622-5aa6-4ead-a5db-775d514fa3b6.jpg'),(51,'1978','2026-05-29 00:00:00','vivian','000000',185000.00,'PAGADO',1,39,'CLIENTE',NULL,NULL),(52,'1966','2026-05-29 00:00:00','andrea','000000',80000.00,'PAGADO',1,39,'CLIENTE',NULL,'https://kairos-stylos-storage.sfo3.digitaloceanspaces.com/temp/a4916f1e-7bf8-4193-9eff-872e73ca8655.jpg'),(53,'1956','2026-05-29 00:00:00','sandra','00000',30000.00,'PAGADO',1,39,'CLIENTE',NULL,NULL),(54,'1990','2026-05-29 00:00:00','cesar','3206425582',35000.00,'PAGADO',1,39,'CLIENTE',NULL,NULL),(55,'1394','2026-05-29 00:00:00','estefany','0000000',105000.00,'PAGADO',2,56,'CLIENTE',NULL,NULL),(56,'1985','2026-05-29 00:00:00','milagros','3046849520',155000.00,'PAGADO',1,39,'CLIENTE',NULL,NULL),(57,'1989','2026-05-29 00:00:00','lina','0000',65000.00,'PAGADO',1,39,'CLIENTE',NULL,'https://kairos-stylos-storage.sfo3.digitaloceanspaces.com/temp/e4ab9541-e792-47a7-8925-dc9ecbc095dc.jpg'),(58,'1988','2026-05-29 00:00:00','michel','00000',75000.00,'PAGADO',1,39,'CLIENTE',NULL,'https://kairos-stylos-storage.sfo3.digitaloceanspaces.com/temp/0b670609-2291-4853-b8e2-af09c93419ca.jpg'),(59,'1986','2026-05-29 00:00:00','maria fernanda','0000',130000.00,'PAGADO',1,39,'CLIENTE',NULL,NULL),(60,'1977','2026-05-29 00:00:00','karen fajardo','0000',25000.00,'PAGADO',1,39,'CLIENTE',NULL,NULL),(61,'1998','2026-05-30 00:00:00','karen','3013936862',25000.00,'PAGADO',1,39,'CLIENTE',NULL,NULL),(62,'1392','2026-05-29 00:00:00','neris','3206854139',20000.00,'PAGADO',2,56,'CLIENTE',NULL,NULL),(63,'1387','2026-05-29 00:00:00','yulieth','3012778780',100000.00,'PAGADO',2,56,'CLIENTE',NULL,NULL),(64,'1390','2026-05-29 00:00:00','maria ','00000',445000.00,'PAGADO',2,56,'CLIENTE',NULL,NULL),(65,'1389','2026-05-29 00:00:00','angie','3166981604',35000.00,'PAGADO',2,56,'CLIENTE',NULL,NULL),(66,'1396','2026-05-29 00:00:00','ana','3015290621',15000.00,'PAGADO',2,56,'CLIENTE',NULL,NULL),(67,'1397','2026-05-29 00:00:00','melany','1397',35000.00,'PAGADO',2,56,'CLIENTE',NULL,NULL),(68,'1994','2026-05-30 00:00:00','enrique','3122567384',30000.00,'PAGADO',1,39,'CLIENTE',NULL,'https://kairos-stylos-storage.sfo3.digitaloceanspaces.com/temp/f4eaf997-e800-4ec8-9183-abfddaf6aa57.jpg'),(70,'1400','2026-05-30 00:00:00','carolina','3017508074',35000.00,'PAGADO',2,56,'CLIENTE',NULL,NULL),(71,'1992','2026-05-30 00:00:00','yina','3013929001',140000.00,'PAGADO',1,39,'CLIENTE',NULL,'https://kairos-stylos-storage.sfo3.digitaloceanspaces.com/temp/080020bf-5cf7-48b0-b9c6-bba684a68374.jpg'),(72,'1399','2026-05-30 00:00:00','luz mary','3135230802',55000.00,'PAGADO',2,56,'CLIENTE',NULL,NULL),(73,'1993','2026-05-30 00:00:00','kelly','3127699536',80000.00,'PAGADO',1,39,'CLIENTE',NULL,'https://kairos-stylos-storage.sfo3.digitaloceanspaces.com/temp/527079b1-fb62-4b40-ac6a-00dd5689925f.jpg'),(74,'2002','2026-05-30 00:00:00','sisary','3246371625',15000.00,'PAGADO',2,56,'CLIENTE',NULL,NULL),(75,'1002','2026-05-30 00:00:00','laura','3013713453',45000.00,'PAGADO',1,39,'CLIENTE',NULL,'https://kairos-stylos-storage.sfo3.digitaloceanspaces.com/temp/4543655e-1797-40fb-9971-5031f5eba265.jpg'),(76,'1398','2026-05-30 00:00:00','brianys','3016682640',80000.00,'PAGADO',2,56,'CLIENTE',NULL,NULL),(77,'1006','2026-05-30 00:00:00','andrea','3175040681',30000.00,'PAGADO',1,39,'CLIENTE',NULL,NULL),(78,'1997','2026-05-30 00:00:00','nicol','3044551338',60000.00,'PAGADO',1,39,'CLIENTE',NULL,'https://kairos-stylos-storage.sfo3.digitaloceanspaces.com/temp/aed22db7-1e66-4b97-a8ad-2d4ce3ef762a.jpg'),(79,'1999','2026-05-30 00:00:00','maria barrios','3014824770',80000.00,'PAGADO',1,39,'CLIENTE',NULL,'https://kairos-stylos-storage.sfo3.digitaloceanspaces.com/temp/af0abe22-88aa-4046-b75b-fcc55f8cc223.jpg'),(80,'1001','2026-05-30 00:00:00','jailin','3027474419',70000.00,'PAGADO',1,39,'CLIENTE',NULL,'https://kairos-stylos-storage.sfo3.digitaloceanspaces.com/temp/f283a501-0853-48b0-bd4c-710b6de14d52.jpg'),(81,'1008','2026-05-30 00:00:00','dulce','3023101977',30000.00,'PAGADO',1,39,'CLIENTE',NULL,NULL),(82,'2000','2026-05-30 00:00:00','andrea','3004727061',95000.00,'PAGADO',1,39,'CLIENTE',NULL,'https://kairos-stylos-storage.sfo3.digitaloceanspaces.com/temp/13730560-d60a-45aa-aa87-ecf05c15df52.jpg'),(83,'1009','2026-05-30 00:00:00','rosy','3137100377',65000.00,'PAGADO',1,39,'CLIENTE',NULL,'https://kairos-stylos-storage.sfo3.digitaloceanspaces.com/temp/b9578ec6-39e4-41db-9339-4604fdde33c8.jpg'),(84,'1995','2026-05-30 00:00:00','kate','3113679555',115000.00,'PAGADO',1,39,'CLIENTE',NULL,'https://kairos-stylos-storage.sfo3.digitaloceanspaces.com/temp/8a6fbe9c-49c9-41f6-89fa-ac4ca789ddc0.jpg'),(85,'1003','2026-05-30 00:00:00','ciela','3013067179',70000.00,'PAGADO',1,39,'CLIENTE',NULL,'https://kairos-stylos-storage.sfo3.digitaloceanspaces.com/temp/9de3d96f-dbca-4633-93c2-d91e57a08027.jpg'),(86,'1014','2026-05-30 00:00:00','valentina','3185225933',70000.00,'PAGADO',1,39,'CLIENTE',NULL,'https://kairos-stylos-storage.sfo3.digitaloceanspaces.com/temp/2df4e02c-5a45-47ed-9353-12919ff73afb.jpg'),(87,'1012','2026-05-30 00:00:00','yurexi','00000',25000.00,'PAGADO',1,39,'CLIENTE',NULL,NULL),(88,'1011','2026-05-30 00:00:00','margui','3508222093',60000.00,'PAGADO',1,39,'CLIENTE',NULL,'https://kairos-stylos-storage.sfo3.digitaloceanspaces.com/temp/90123c9e-5e1a-4c11-ae5a-4960d4f1ee4b.jpg'),(89,'1015','2026-05-30 00:00:00','ilse','3205068211',25000.00,'PAGADO',1,39,'CLIENTE',NULL,'https://kairos-stylos-storage.sfo3.digitaloceanspaces.com/temp/fc6eafef-4434-40ac-8013-fef574d6348a.jpg'),(90,'1004','2026-05-30 00:00:00','melani','3136617071',120000.00,'PAGADO',1,39,'CLIENTE',NULL,'https://kairos-stylos-storage.sfo3.digitaloceanspaces.com/temp/0f7f7d20-2f94-421d-8a63-3fb9e66067d3.jpg'),(91,'1013','2026-05-30 00:00:00','ana maria','3226148642',20000.00,'PAGADO',1,39,'CLIENTE',NULL,NULL),(92,'1005','2026-05-30 00:00:00','valentina ojeda','00000',100000.00,'PAGADO',1,39,'CLIENTE',NULL,'https://kairos-stylos-storage.sfo3.digitaloceanspaces.com/temp/98aac90d-07b9-4a17-9d92-114347778000.jpg'),(93,'1996','2026-05-30 00:00:00','cristina','3004269654',140000.00,'PAGADO',1,39,'CLIENTE',NULL,'https://kairos-stylos-storage.sfo3.digitaloceanspaces.com/temp/cc4603ed-ed80-476f-a137-d8b374b188fe.jpg'),(94,'2014','2026-05-30 00:00:00','andrea','302735609',20000.00,'PAGADO',2,56,'CLIENTE',NULL,NULL),(95,'1010','2026-05-30 00:00:00','keisy','3014533043',115000.00,'PAGADO',1,39,'CLIENTE',NULL,'https://kairos-stylos-storage.sfo3.digitaloceanspaces.com/temp/94ca04a9-a0de-437e-b01d-f218fb7832fe.jpg'),(96,'2013','2026-05-30 00:00:00','angi','3025826930',20000.00,'PAGADO',2,56,'CLIENTE',NULL,NULL),(97,'1016','2026-05-30 00:00:00',NULL,NULL,50000.00,'PAGADO',1,39,'TECNICO',44,'https://kairos-stylos-storage.sfo3.digitaloceanspaces.com/temp/4a04b4e3-6555-4a45-b8ea-81c010801512.jpg'),(99,'1020','2026-05-30 00:00:00','yeneth','3023899295',80000.00,'PAGADO',1,39,'CLIENTE',NULL,NULL),(100,'2007','2026-05-30 00:00:00','lidia','3106572246',25000.00,'PAGADO',2,56,'CLIENTE',NULL,NULL),(101,'1018','2026-05-30 00:00:00','adna','3113500709',80000.00,'PAGADO',1,39,'CLIENTE',NULL,'https://kairos-stylos-storage.sfo3.digitaloceanspaces.com/temp/c25365e3-26f0-4e7e-b0ef-43d4e10762c8.jpg'),(102,'1017','2026-05-30 00:00:00','darlin yepez','3013238270',70000.00,'PAGADO',1,39,'CLIENTE',NULL,'https://kairos-stylos-storage.sfo3.digitaloceanspaces.com/temp/2efa995f-7278-4c33-978e-b1d5c6b1aabf.jpg'),(103,'2004','2026-05-30 00:00:00','keila','3102505596',80000.00,'PAGADO',2,56,'CLIENTE',NULL,NULL),(104,'2005','2026-05-30 00:00:00','kelly','3013876781',100000.00,'PAGADO',2,56,'CLIENTE',NULL,NULL),(105,'2012','2026-05-30 00:00:00','maria morelos','3006908006',25000.00,'PAGADO',2,56,'CLIENTE',NULL,NULL),(106,'2006','2026-05-30 00:00:00','deisy','3004689260',60000.00,'PAGADO',2,56,'CLIENTE',NULL,NULL),(107,'2003','2026-05-30 00:00:00','estefany lopez','3001572432',450000.00,'PAGADO',2,56,'CLIENTE',NULL,NULL),(109,'1031','2026-05-30 00:00:00','paula','3122008926',10000.00,'PAGADO',1,39,'CLIENTE',NULL,NULL),(110,'2009','2026-05-30 00:00:00','milena ','3155808327',45000.00,'PAGADO',2,56,'CLIENTE',NULL,NULL),(111,'2015','2026-05-30 00:00:00','gina','0000',25000.00,'PAGADO',2,56,'CLIENTE',NULL,NULL),(112,'1032','2026-05-30 00:00:00','yudi','3016382734',15000.00,'PAGADO',1,39,'CLIENTE',NULL,'https://kairos-stylos-storage.sfo3.digitaloceanspaces.com/temp/126f26c0-46c2-4263-b4fd-58c14550fb94.jpg'),(113,'1035','2026-05-30 00:00:00','yarledis','3004190251',70000.00,'PAGADO',1,39,'CLIENTE',NULL,'https://kairos-stylos-storage.sfo3.digitaloceanspaces.com/temp/88011a71-4342-4996-9408-9fb6cd3d9c46.jpg'),(114,'1036','2026-05-30 00:00:00','yina','0000',25000.00,'PAGADO',1,39,'CLIENTE',NULL,NULL),(115,'1021','2026-05-30 00:00:00','angelica','3044981544',85000.00,'PAGADO',1,39,'CLIENTE',NULL,'https://kairos-stylos-storage.sfo3.digitaloceanspaces.com/temp/8eafdb67-fdd6-4c54-b786-15d624e5d858.jpg'),(116,'2019','2026-05-30 00:00:00','katerin','3115122144',10000.00,'PAGADO',2,56,'CLIENTE',NULL,NULL),(117,'2018','2026-05-30 00:00:00','yulianis ','000',30000.00,'PAGADO',2,56,'CLIENTE',NULL,NULL),(118,'1037','2026-05-30 00:00:00','jenifer','3012435379',5000.00,'PAGADO',1,39,'CLIENTE',NULL,NULL),(119,'2011','2026-05-30 00:00:00','yorley','00000',120000.00,'PAGADO',2,56,'CLIENTE',NULL,NULL),(120,'2008','2026-05-30 00:00:00','katerine','3007628785',25000.00,'PAGADO',2,56,'CLIENTE',NULL,NULL),(121,'2001','2026-05-30 00:00:00','kelly','3158291865',25000.00,'PAGADO',2,56,'CLIENTE',NULL,NULL),(122,'2022','2026-05-30 00:00:00','neris pineda','000',20000.00,'PAGADO',2,56,'CLIENTE',NULL,NULL),(123,'1044','2026-05-30 00:00:00','sandy','3044533463',15000.00,'PAGADO',1,39,'CLIENTE',NULL,NULL),(124,'1027','2026-05-30 00:00:00','gladis','3246874394',105000.00,'PAGADO',1,39,'CLIENTE',NULL,NULL),(125,'1025','2026-05-30 00:00:00','diana','3114260742',105000.00,'PAGADO',1,39,'CLIENTE',NULL,'https://kairos-stylos-storage.sfo3.digitaloceanspaces.com/temp/a0574b68-16db-48fd-8675-b5c8e2864cb7.jpg'),(126,'1028','2026-05-30 00:00:00','kelly','3045260571',100000.00,'PAGADO',1,39,'CLIENTE',NULL,NULL),(127,'1026','2026-05-30 00:00:00','yaina','3218009073',80000.00,'PAGADO',1,39,'CLIENTE',NULL,NULL),(128,'1043','2026-05-30 00:00:00','marly','3042668989',30000.00,'PAGADO',1,39,'CLIENTE',NULL,NULL),(129,'1033','2026-05-30 00:00:00','fiorela','3225210039',105000.00,'PAGADO',1,39,'CLIENTE',NULL,'https://kairos-stylos-storage.sfo3.digitaloceanspaces.com/temp/1397fdcc-696d-4dca-916a-757ad665ce67.jpg'),(130,'1041','2026-05-30 00:00:00','sujey','3023742551',35000.00,'PAGADO',1,39,'CLIENTE',NULL,'https://kairos-stylos-storage.sfo3.digitaloceanspaces.com/temp/fa87e1ed-cc1d-4bb4-9cd4-7c376a87c8c8.jpg'),(131,'2025','2026-05-30 00:00:00','ana garcia ','3023873034',35000.00,'PAGADO',2,56,'CLIENTE',NULL,NULL),(132,'1030','2026-05-30 00:00:00','sandra','3017024969',85000.00,'PAGADO',1,39,'CLIENTE',NULL,'https://kairos-stylos-storage.sfo3.digitaloceanspaces.com/temp/78ac39ef-57c6-4f4d-b64c-6b402df43a9e.jpg'),(133,'2020','2026-05-30 00:00:00','aura','3006957850',30000.00,'PAGADO',2,56,'CLIENTE',NULL,NULL),(134,'2016','2026-05-30 00:00:00','leidy escudelo ','3024579028',180000.00,'PAGADO',2,56,'CLIENTE',NULL,NULL),(135,'2024','2026-05-30 00:00:00','susan','0000',30000.00,'PAGADO',2,56,'CLIENTE',NULL,NULL),(136,'1007','2026-05-30 00:00:00','dina','3007494592',201000.00,'PAGADO',1,39,'CLIENTE',NULL,'https://kairos-stylos-storage.sfo3.digitaloceanspaces.com/temp/36f7cca5-5a84-4f8f-91e4-afb0fb8b1bdf.jpg'),(137,'2017','2026-05-30 00:00:00','leidy','3023249708',75000.00,'PAGADO',2,56,'CLIENTE',NULL,NULL),(138,'1023','2026-05-30 00:00:00','yanetsy','3017110329',65000.00,'PAGADO',1,39,'CLIENTE',NULL,'https://kairos-stylos-storage.sfo3.digitaloceanspaces.com/temp/eab24d77-93b0-4ec9-b721-2206d1393cf1.jpg'),(139,'2010','2026-05-30 00:00:00','lorena ','3183048202',130000.00,'PAGADO',2,56,'CLIENTE',NULL,NULL),(140,'1038','2026-05-30 00:00:00','jenifer','00000',35000.00,'PAGADO',1,39,'CLIENTE',NULL,NULL),(141,'2021','2026-05-30 00:00:00','laura torres','3045911632',120000.00,'PAGADO',2,56,'CLIENTE',NULL,NULL),(142,'1052','2026-05-30 00:00:00','yeimi','3013674210',65000.00,'PAGADO',1,39,'CLIENTE',NULL,'https://kairos-stylos-storage.sfo3.digitaloceanspaces.com/temp/bd9900f8-7f8a-4bc3-bd00-b32ebda3c726.jpg'),(143,'1024','2026-05-30 00:00:00','yiya','3004755393',110000.00,'PAGADO',1,39,'CLIENTE',NULL,'https://kairos-stylos-storage.sfo3.digitaloceanspaces.com/temp/d5e853cc-38c2-4f1b-82ff-4af8b2b9c89d.jpg'),(144,'1029','2026-05-30 00:00:00','mariani','3046178090',220000.00,'PAGADO',1,39,'CLIENTE',NULL,'https://kairos-stylos-storage.sfo3.digitaloceanspaces.com/temp/5736e12a-1d8d-45c2-83f2-40d8a33da355.jpg'),(145,'1053','2026-05-30 00:00:00','angie','0000',50000.00,'PAGADO',1,39,'CLIENTE',NULL,NULL),(146,'2028','2026-05-30 00:00:00','xiomara','3153259944',60000.00,'PAGADO',2,56,'CLIENTE',NULL,NULL),(147,'2027','2026-05-30 00:00:00','adriana','3244146065',60000.00,'PAGADO',2,56,'CLIENTE',NULL,NULL),(148,'1034','2026-05-30 00:00:00','yerlis','3043500537',180000.00,'PAGADO',1,39,'CLIENTE',NULL,'https://kairos-stylos-storage.sfo3.digitaloceanspaces.com/temp/14052795-92e2-4ce6-bec2-1751d407a516.jpg'),(149,'2023','2026-05-30 00:00:00','andrea','3242346770',80000.00,'PAGADO',2,56,'CLIENTE',NULL,NULL),(150,'1050','2026-05-30 00:00:00','maria zabaleta','0000',75000.00,'PAGADO',1,39,'CLIENTE',NULL,NULL),(151,'1039','2026-05-30 00:00:00','adriana','3002262091',90000.00,'PAGADO',1,39,'CLIENTE',NULL,'https://kairos-stylos-storage.sfo3.digitaloceanspaces.com/temp/51c406d0-5883-4a35-8436-72ac4b6de08f.jpg'),(152,'1040','2026-05-30 00:00:00','dina','3044313308',155000.00,'PAGADO',1,39,'CLIENTE',NULL,'https://kairos-stylos-storage.sfo3.digitaloceanspaces.com/temp/d3503a7d-d6de-4020-a224-464460238614.jpg'),(153,'1047','2026-05-30 00:00:00','nancy','3003466586',45000.00,'PAGADO',1,39,'CLIENTE',NULL,'https://kairos-stylos-storage.sfo3.digitaloceanspaces.com/temp/6c9204e7-a48b-4c06-a9f5-42ab97738c9b.jpg'),(154,'2026','2026-05-30 00:00:00','maria','3226871605',170000.00,'PAGADO',2,56,'CLIENTE',NULL,NULL),(155,'1046','2026-05-30 00:00:00','andrea','3239659316',70000.00,'PAGADO',1,39,'CLIENTE',NULL,NULL),(156,'1045','2026-05-30 00:00:00','yeidis','0000',55000.00,'PAGADO',1,39,'CLIENTE',NULL,NULL),(157,'1048','2026-05-30 00:00:00','1048','0000',125000.00,'PAGADO',1,39,'CLIENTE',NULL,NULL),(158,'1042','2026-05-30 00:00:00','saray','3006592790',110000.00,'PAGADO',1,39,'CLIENTE',NULL,'https://kairos-stylos-storage.sfo3.digitaloceanspaces.com/temp/3b478b0f-2be6-49fe-a83a-09409c9d8057.jpg'),(159,'2029','2026-05-31 00:00:00','mileisy','3212083083',110000.00,'PAGADO',2,56,'CLIENTE',NULL,NULL),(160,'2030','2026-05-31 00:00:00','nicoll','3215605496',105000.00,'PAGADO',2,56,'CLIENTE',NULL,NULL),(161,'2033','2026-05-31 00:00:00','iliana echeverria ','3014864092',20000.00,'PAGADO',2,56,'CLIENTE',NULL,NULL),(162,'2032','2026-05-31 00:00:00','carmen','3165199424',20000.00,'PAGADO',2,56,'CLIENTE',NULL,NULL),(163,'1061','2026-05-31 00:00:00','yomaira','3160527241',65000.00,'PAGADO',1,39,'CLIENTE',NULL,'https://kairos-stylos-storage.sfo3.digitaloceanspaces.com/temp/ce21b147-3726-426c-b19b-c280ce6a6abe.jpg'),(164,'2031','2026-05-31 00:00:00','zuhay','3019754647',70000.00,'PAGADO',2,56,'CLIENTE',NULL,NULL),(165,'2036','2026-05-31 00:00:00','michella ','3004608215',25000.00,'PAGADO',2,56,'CLIENTE',NULL,NULL),(166,'2034','2026-05-31 00:00:00','lizbeth ','3005584033',35000.00,'PAGADO',2,56,'CLIENTE',NULL,NULL),(167,'3035','2026-05-31 00:00:00','paola ','3016827848',100000.00,'PAGADO',2,56,'CLIENTE',NULL,NULL),(168,'2038','2026-05-31 00:00:00','esther muñoz ','3044116673',70000.00,'PAGADO',2,56,'CLIENTE',NULL,NULL),(169,'1071','2026-05-31 00:00:00','kelly escobar','3053218883',90000.00,'PAGADO',1,39,'CLIENTE',NULL,'https://kairos-stylos-storage.sfo3.digitaloceanspaces.com/temp/7594600f-de6e-4af4-be99-dec143088092.jpg'),(170,'2037','2026-05-31 00:00:00','matilde','3178129801',35000.00,'PAGADO',2,56,'CLIENTE',NULL,NULL),(171,'1082','2026-05-31 00:00:00','deileni','3135030028',35000.00,'PAGADO',1,39,'CLIENTE',NULL,NULL),(172,'1085','2026-05-31 00:00:00','daniela','0000',20000.00,'PAGADO',1,39,'CLIENTE',NULL,NULL),(173,'1081','2026-05-31 00:00:00','luis','0000',35000.00,'PAGADO',1,39,'CLIENTE',NULL,NULL),(174,'1080','2026-05-31 00:00:00','helen torres','3028328274',55000.00,'PAGADO',1,39,'CLIENTE',NULL,'https://kairos-stylos-storage.sfo3.digitaloceanspaces.com/temp/43d18d9a-e8bb-4618-8161-92882ebf695f.jpg'),(175,'1074','2026-05-31 00:00:00','yeimi','3106906376',75000.00,'PAGADO',1,39,'CLIENTE',NULL,'https://kairos-stylos-storage.sfo3.digitaloceanspaces.com/temp/96be28cf-2847-4f21-9838-e2456226e6ee.jpg'),(176,'1084','2026-05-31 00:00:00','liliana','3007359453',55000.00,'PAGADO',1,39,'CLIENTE',NULL,'https://kairos-stylos-storage.sfo3.digitaloceanspaces.com/temp/b1c1a2fb-669b-44f5-9a19-8419ab4ac86d.jpg'),(177,'1072','2026-05-31 00:00:00','maria camila','3004292828',50000.00,'PAGADO',1,39,'CLIENTE',NULL,'https://kairos-stylos-storage.sfo3.digitaloceanspaces.com/temp/82246ed4-149a-48d0-a553-a69e28ab2fe7.jpg'),(178,'2039','2026-05-31 00:00:00','melany','3028668347',50000.00,'PAGADO',2,56,'CLIENTE',NULL,NULL),(179,'1078','2026-05-31 00:00:00','yerlis','0000',50000.00,'PAGADO',1,39,'CLIENTE',NULL,NULL),(180,'1062','2026-05-31 00:00:00','yerli','3022903075',210000.00,'PAGADO',1,39,'CLIENTE',NULL,'https://kairos-stylos-storage.sfo3.digitaloceanspaces.com/temp/74670acb-c744-4bd4-83f2-70d46daaac63.jpg'),(181,'1066','2026-05-31 00:00:00','marixa','3023607071',50000.00,'PAGADO',1,39,'CLIENTE',NULL,'https://kairos-stylos-storage.sfo3.digitaloceanspaces.com/temp/0d1fe41f-f0b8-4020-a84c-d489178e86fa.jpg'),(182,'1068','2026-05-31 00:00:00','yuri','3145354655',55000.00,'PAGADO',1,39,'CLIENTE',NULL,'https://kairos-stylos-storage.sfo3.digitaloceanspaces.com/temp/b9abaf86-43b0-4ba5-a6bf-0c21d07b26a8.jpg'),(183,'1076','2026-05-31 00:00:00','milderd','0000',90000.00,'PAGADO',1,39,'CLIENTE',NULL,'https://kairos-stylos-storage.sfo3.digitaloceanspaces.com/temp/c06e6ec4-dbb6-478c-89c1-122b7a5e4310.jpg'),(184,'1075','2026-05-31 00:00:00','david','3007979060',15000.00,'PAGADO',1,39,'CLIENTE',NULL,'https://kairos-stylos-storage.sfo3.digitaloceanspaces.com/temp/82d1d90d-1d83-4bf8-81c1-08c0322dea84.jpg'),(185,'2042','2026-05-31 00:00:00','diana ','3011885489',60000.00,'PAGADO',2,56,'CLIENTE',NULL,NULL),(186,'1073','2026-05-31 00:00:00','rebeca','3044507447',10000.00,'PAGADO',1,39,'CLIENTE',NULL,'https://kairos-stylos-storage.sfo3.digitaloceanspaces.com/temp/0ea9ecaa-8d2d-4d81-913f-b5d5ac8de606.jpg'),(187,'1064','2026-05-31 00:00:00','greisy','3045474761',95000.00,'PAGADO',1,39,'CLIENTE',NULL,'https://kairos-stylos-storage.sfo3.digitaloceanspaces.com/temp/ccc648b8-f643-4fb7-bfea-6a04d0878707.jpg'),(188,'1067','2026-05-31 00:00:00','leidys','3021039050',50000.00,'PAGADO',1,39,'CLIENTE',NULL,'https://kairos-stylos-storage.sfo3.digitaloceanspaces.com/temp/0dacc7d3-dd80-461b-a905-d6171a404789.jpg'),(189,'1057','2026-05-31 00:00:00','yerenia','3113789789',90000.00,'PAGADO',1,39,'CLIENTE',NULL,'https://kairos-stylos-storage.sfo3.digitaloceanspaces.com/temp/f6e24b57-62cf-4360-adb6-1e7914df0695.jpg'),(190,'1059','2026-05-31 00:00:00','yeimi','0000',90000.00,'PAGADO',1,39,'CLIENTE',NULL,'https://kairos-stylos-storage.sfo3.digitaloceanspaces.com/temp/600e7484-e308-46c4-a0ad-11ea2a928023.jpg'),(191,'1058','2026-05-31 00:00:00','maria','3004450333',60000.00,'PAGADO',1,39,'CLIENTE',NULL,'https://kairos-stylos-storage.sfo3.digitaloceanspaces.com/temp/c5447a74-d159-4734-9497-d82a4b93e5d8.jpg'),(192,'1060','2026-05-31 00:00:00','frecia','3023403393',35000.00,'PAGADO',1,39,'CLIENTE',NULL,NULL),(193,'1069','2026-05-31 00:00:00','yomaira','0000',100000.00,'PAGADO',1,39,'CLIENTE',NULL,NULL),(194,'1054','2026-05-31 00:00:00','liliana','3003716073',20000.00,'PAGADO',1,39,'CLIENTE',NULL,'https://kairos-stylos-storage.sfo3.digitaloceanspaces.com/temp/fa7658ce-dd94-44fa-934c-83236374060a.jpg'),(195,'1055','2026-05-31 00:00:00','sharol','3013711131',60000.00,'PAGADO',1,39,'CLIENTE',NULL,'https://kairos-stylos-storage.sfo3.digitaloceanspaces.com/temp/a177f6d9-9f2e-48cd-95cc-b6eb2d228a0e.jpg'),(196,'1056','2026-05-31 00:00:00','maria jose','0000',25000.00,'PAGADO',1,39,'CLIENTE',NULL,NULL),(197,'2041','2026-05-31 00:00:00','margareth','316490186',55000.00,'PAGADO',2,56,'CLIENTE',NULL,NULL),(198,'1063','2026-05-31 00:00:00','andrea','3014667892',90000.00,'PAGADO',1,39,'CLIENTE',NULL,'https://kairos-stylos-storage.sfo3.digitaloceanspaces.com/temp/09d60204-9b1b-40c1-8459-3a3695b5119f.jpg'),(199,'1083','2026-05-31 00:00:00','milena','3002811038',85000.00,'PAGADO',1,39,'CLIENTE',NULL,'https://kairos-stylos-storage.sfo3.digitaloceanspaces.com/temp/e963f18d-1cbd-453a-ab85-bda19245360a.jpg'),(200,'1077','2026-05-31 00:00:00','nataly','3007678643',55000.00,'PAGADO',1,39,'CLIENTE',NULL,'https://kairos-stylos-storage.sfo3.digitaloceanspaces.com/temp/94b8975c-fc3e-4b78-b06c-129c0553ba80.jpg'),(201,'1079','2026-05-31 00:00:00','temi','3105645557',75000.00,'PAGADO',1,39,'CLIENTE',NULL,'https://kairos-stylos-storage.sfo3.digitaloceanspaces.com/temp/815dc3ad-aa37-43de-b16e-cbd6f617b904.jpg'),(202,'1065','2026-05-31 00:00:00','kelly','3005949736',90000.00,'PAGADO',1,39,'CLIENTE',NULL,'https://kairos-stylos-storage.sfo3.digitaloceanspaces.com/temp/58b0592d-bf4d-4e8d-920d-188589330e6a.jpg'),(203,'1090','2026-06-01 00:00:00','yara','0000',10000.00,'PAGADO',1,39,'CLIENTE',NULL,NULL),(204,'1088','2026-06-01 00:00:00','nancy','3003466586',45000.00,'PAGADO',1,39,'CLIENTE',NULL,NULL),(205,'1086','2026-06-01 00:00:00','indira','3226466736',50000.00,'PAGADO',1,39,'CLIENTE',NULL,'https://kairos-stylos-storage.sfo3.digitaloceanspaces.com/temp/7d4f7adc-f8b0-4a09-a609-a52483310d35.jpg'),(206,'1087','2026-06-01 00:00:00','aldair','3157015053',35000.00,'PAGADO',1,39,'CLIENTE',NULL,'https://kairos-stylos-storage.sfo3.digitaloceanspaces.com/temp/fcde5a56-dbfc-47f4-af8a-1a4fa138a4bf.jpg'),(207,'1092','2026-06-01 00:00:00','brillit','000',30000.00,'PENDIENTE',1,39,'CLIENTE',NULL,NULL),(208,'1089','2026-06-01 00:00:00','karen fajardo','3207286793',70000.00,'PAGADO',1,39,'CLIENTE',NULL,'https://kairos-stylos-storage.sfo3.digitaloceanspaces.com/temp/13873f79-6a89-4072-b9d9-b1677b4f417a.jpg'),(209,'1094','2026-06-01 00:00:00','mayerli','3106813769',35000.00,'PAGADO',1,39,'CLIENTE',NULL,NULL),(210,'0101','2026-06-01 00:00:00','Paula','3107441956',20000.00,'PAGADO',1,39,'CLIENTE',NULL,NULL),(211,'2054','2026-06-02 00:00:00','paola','3117020496',145000.00,'PAGADO',2,56,'CLIENTE',NULL,NULL),(212,'2055','2026-06-02 00:00:00','zugey','300732724',25000.00,'PAGADO',2,56,'CLIENTE',NULL,NULL),(213,'2056','2026-06-02 00:00:00','karen hernandez ','300770969',20000.00,'PAGADO',2,56,'CLIENTE',NULL,NULL),(214,'3036','2026-06-02 00:00:00','shayla','30233620',90000.00,'PAGADO',2,56,'CLIENTE',NULL,NULL),(215,'2060','2026-06-02 00:00:00','sharik','3003841724',55000.00,'PAGADO',2,56,'CLIENTE',NULL,NULL),(216,'2058','2026-06-02 00:00:00','kelly','3158291865',20000.00,'PAGADO',2,56,'CLIENTE',NULL,NULL),(217,'2059','2026-06-02 00:00:00','maria','000',25000.00,'PAGADO',2,56,'CLIENTE',NULL,NULL),(218,'2061','2026-06-02 00:00:00','madelin','323284564',65000.00,'PAGADO',2,56,'CLIENTE',NULL,NULL),(219,'2062','2026-06-02 00:00:00','shelsy','3145789680',35000.00,'PAGADO',2,56,'CLIENTE',NULL,NULL),(220,'2063','2026-06-02 00:00:00','sergio','304252379',35000.00,'PAGADO',2,56,'CLIENTE',NULL,NULL),(221,'2065','2026-06-03 00:00:00','yelsy','3203674422',55000.00,'PAGADO',2,56,'CLIENTE',NULL,NULL),(222,'2066','2026-06-03 00:00:00','danilsa perez ','3202169453',80000.00,'PAGADO',2,56,'CLIENTE',NULL,NULL),(223,'2068','2026-06-03 00:00:00','maira perez','3104931603',10000.00,'PAGADO',2,56,'CLIENTE',NULL,NULL),(224,'2067','2026-06-03 00:00:00','paola','3117020496',130000.00,'PAGADO',2,56,'CLIENTE',NULL,NULL),(225,'2064','2026-06-03 00:00:00','estefany','000',450000.00,'PAGADO',2,56,'CLIENTE',NULL,NULL),(226,'2070','2026-06-03 00:00:00','desired','3003896453',90000.00,'PAGADO',2,56,'CLIENTE',NULL,NULL),(227,'2071','2026-06-03 00:00:00','diana ','3183978102',65000.00,'PAGADO',2,56,'CLIENTE',NULL,NULL),(228,'2069','2026-06-03 00:00:00','ana mangonez ','3126899840',80000.00,'PAGADO',2,56,'CLIENTE',NULL,NULL),(229,'2072','2026-06-03 00:00:00','doris ','3043188808',25000.00,'PAGADO',2,56,'CLIENTE',NULL,NULL),(230,'2074','2026-06-03 00:00:00','camila ','3225247943',25000.00,'PAGADO',2,56,'CLIENTE',NULL,NULL),(231,'2073','2026-06-03 00:00:00','kety','3126563272',30000.00,'PAGADO',2,56,'CLIENTE',NULL,NULL),(232,'2076','2026-06-03 00:00:00','wendy','000',25000.00,'PAGADO',2,56,'CLIENTE',NULL,NULL),(233,'2079','2026-06-04 00:00:00','jesus','315681473',50000.00,'PAGADO',2,56,'CLIENTE',NULL,NULL),(234,'2077','2026-06-03 00:00:00','tatiana','0000',10000.00,'PAGADO',2,56,'CLIENTE',NULL,NULL),(235,'2075','2026-06-03 00:00:00','maria riascas','0000',65000.00,'PAGADO',2,56,'CLIENTE',NULL,NULL),(236,'2080','2026-06-04 00:00:00','mariana ','3024529536',35000.00,'PAGADO',2,56,'CLIENTE',NULL,NULL),(237,'0209','2026-06-05 00:00:00','Sebastian','3113533930',35000.00,'PAGADO',1,39,'CLIENTE',NULL,'https://kairos-stylos-storage.sfo3.digitaloceanspaces.com/temp/ccf60075-351a-4e17-a632-b1e7aaf28d33.jpg'),(238,'0212','2026-06-05 00:00:00','daisy','3024249851',30000.00,'PAGADO',1,39,'CLIENTE',NULL,NULL),(239,'0210','2026-06-05 00:00:00','Nathaly','3106177846',95000.00,'PAGADO',1,39,'CLIENTE',NULL,NULL),(240,'0213','2026-06-05 00:00:00','Karol','3006704771',55000.00,'PAGADO',1,39,'CLIENTE',NULL,'https://kairos-stylos-storage.sfo3.digitaloceanspaces.com/temp/127b88dc-9054-46ac-9f6d-04a105d6bb52.jpg'),(241,'0217','2026-06-05 00:00:00','lorena','3133313381',20000.00,'PAGADO',1,39,'CLIENTE',NULL,'https://kairos-stylos-storage.sfo3.digitaloceanspaces.com/temp/1dd9d2f7-fd85-48ab-8f1a-742c53e621e2.jpg'),(242,'0215','2026-06-05 00:00:00','yeni gomez','3023776900',40000.00,'PAGADO',1,39,'CLIENTE',NULL,NULL),(243,'0216','2026-06-05 00:00:00','Angelica','3012463912',55000.00,'PAGADO',1,39,'CLIENTE',NULL,'https://kairos-stylos-storage.sfo3.digitaloceanspaces.com/temp/237d36fe-d961-45c8-a4e1-a30db04862d8.jpg'),(244,'0214','2026-06-05 00:00:00','Karina','3006526862',100000.00,'PAGADO',1,39,'CLIENTE',NULL,'https://kairos-stylos-storage.sfo3.digitaloceanspaces.com/temp/f0096126-1d35-4d2d-b01c-6c10f0466b84.jpg'),(245,'0211','2026-06-05 00:00:00','Johana','3016554368',100000.00,'PAGADO',1,39,'CLIENTE',NULL,'https://kairos-stylos-storage.sfo3.digitaloceanspaces.com/temp/0b8c09c3-be74-4b29-9ec1-175c048f459a.jpg'),(246,'0218','2026-06-05 00:00:00','Yulieth','3012095224',60000.00,'PAGADO',1,39,'CLIENTE',NULL,'https://kairos-stylos-storage.sfo3.digitaloceanspaces.com/temp/c429e7ef-ba3e-478e-8d4f-edadf9152c7b.jpg'),(247,'0223','2026-06-05 00:00:00','Sandra','3014096035',30000.00,'PAGADO',1,39,'CLIENTE',NULL,'https://kairos-stylos-storage.sfo3.digitaloceanspaces.com/temp/87a08e64-dac2-4b69-b43a-bbdb135b6f06.jpg'),(248,'0225','2026-06-05 00:00:00','Nilce','3128577395',10000.00,'PAGADO',1,39,'CLIENTE',NULL,NULL),(249,'0219','2026-06-05 00:00:00','Leidy','3002747737',35000.00,'PAGADO',1,39,'CLIENTE',NULL,'https://kairos-stylos-storage.sfo3.digitaloceanspaces.com/temp/16a77205-5746-40fd-873b-49f1f117d2cb.jpg'),(250,'0222','2026-06-05 00:00:00','Yilda','3126373662',20000.00,'PAGADO',1,39,'CLIENTE',NULL,NULL),(251,'0221','2026-06-05 00:00:00','Yina','3046081428',35000.00,'PAGADO',1,39,'CLIENTE',NULL,'https://kairos-stylos-storage.sfo3.digitaloceanspaces.com/temp/c4f5e79f-0e76-43d6-a3c8-321cef0731ab.jpg'),(252,'0220','2026-06-05 00:00:00','Coni','3022271309',100000.00,'PAGADO',1,39,'CLIENTE',NULL,'https://kairos-stylos-storage.sfo3.digitaloceanspaces.com/temp/130ab546-6522-4b20-bf46-cb10a89844ed.jpg'),(253,'0224','2026-06-05 00:00:00','Leidy','3225358449',60000.00,'PAGADO',1,39,'CLIENTE',NULL,'https://kairos-stylos-storage.sfo3.digitaloceanspaces.com/temp/fe6c69ad-f8ec-4e57-9af5-f3f39fd23289.jpg'),(254,'0230','2026-06-05 00:00:00','Yina','3177215758',40000.00,'PAGADO',1,39,'CLIENTE',NULL,'https://kairos-stylos-storage.sfo3.digitaloceanspaces.com/temp/526da066-758f-4f0d-8522-5841c325a2c3.jpg'),(255,'0231','2026-06-05 00:00:00','Jenifer','3137379470',10000.00,'PAGADO',1,39,'CLIENTE',NULL,NULL),(256,'0234','2026-06-05 00:00:00','Yaritza','3022999068',100000.00,'PAGADO',1,39,'CLIENTE',NULL,'https://kairos-stylos-storage.sfo3.digitaloceanspaces.com/temp/67ba078c-dd4b-4476-92ba-0dcf332e8f89.jpg'),(257,'0227','2026-06-05 00:00:00','Ingri','3107698509',60000.00,'PAGADO',1,39,'CLIENTE',NULL,'https://kairos-stylos-storage.sfo3.digitaloceanspaces.com/temp/a832f741-8779-412a-abbd-e345adff52fa.jpg'),(258,'0228','2026-06-05 00:00:00','Angie','30137800169',35000.00,'PAGADO',1,39,'CLIENTE',NULL,'https://kairos-stylos-storage.sfo3.digitaloceanspaces.com/temp/eba3162a-716e-4874-8e4b-c8037012b88a.jpg'),(259,'0232','2026-06-05 00:00:00','Hasly','3022722061',15000.00,'PAGADO',1,39,'CLIENTE',NULL,'https://kairos-stylos-storage.sfo3.digitaloceanspaces.com/temp/1cc3f812-0d54-4d3b-a8b6-b4a0574ff279.jpg'),(260,'0226','2026-06-05 00:00:00','Greis','3013946378',70000.00,'PAGADO',1,39,'CLIENTE',NULL,'https://kairos-stylos-storage.sfo3.digitaloceanspaces.com/temp/aa3287af-733b-4e32-b07a-2237348a8217.jpg'),(261,'0238','2026-06-05 00:00:00','Yulieth','3042060065',10000.00,'PAGADO',1,39,'CLIENTE',NULL,NULL),(262,'0229','2026-06-05 00:00:00','Sandra','3156903804',65000.00,'PAGADO',1,39,'CLIENTE',NULL,NULL),(263,'0242','2026-06-05 00:00:00','Vanesa','3242980058',25000.00,'PAGADO',1,39,'CLIENTE',NULL,'https://kairos-stylos-storage.sfo3.digitaloceanspaces.com/temp/6ec33f29-fcbc-44d7-a8f8-e5fc0e045c0e.jpg'),(264,'0235','2026-06-05 00:00:00','Mitel','3013989251',40000.00,'PAGADO',1,39,'CLIENTE',NULL,NULL),(265,'0241','2026-06-05 00:00:00','seily','3150667661',35000.00,'PAGADO',1,39,'CLIENTE',NULL,NULL),(266,'0237','2026-06-05 00:00:00','camila','3168820980',50000.00,'PAGADO',1,39,'CLIENTE',NULL,'https://kairos-stylos-storage.sfo3.digitaloceanspaces.com/temp/79a51573-1d3c-416d-ab6f-b160d6372744.jpg'),(267,'0233','2026-06-05 00:00:00','sharol','3243708580',80000.00,'PAGADO',1,39,'CLIENTE',NULL,'https://kairos-stylos-storage.sfo3.digitaloceanspaces.com/temp/7a79443e-030d-41db-99e5-67247d709d83.jpg'),(268,'0247','2026-06-05 00:00:00','Yina','3177315758',35000.00,'PAGADO',1,39,'CLIENTE',NULL,'https://kairos-stylos-storage.sfo3.digitaloceanspaces.com/temp/0f38c5ae-ff2a-4916-860b-076789639310.jpg'),(269,'0244','2026-06-05 00:00:00','Sofia','3219816117',80000.00,'PAGADO',1,39,'CLIENTE',NULL,'https://kairos-stylos-storage.sfo3.digitaloceanspaces.com/temp/2c17a147-223b-4be6-b4db-da7674d2c685.jpg'),(270,'0243','2026-06-05 00:00:00','Liz','3124244671',75000.00,'PAGADO',1,39,'CLIENTE',NULL,NULL),(271,'0240','2026-06-05 00:00:00','Sandra','3243467851',130000.00,'PAGADO',1,39,'CLIENTE',NULL,NULL),(272,'0248','2026-06-05 00:00:00','laura','3246262724',65000.00,'PAGADO',1,39,'CLIENTE',NULL,'https://kairos-stylos-storage.sfo3.digitaloceanspaces.com/temp/13dae6e0-a4e9-423f-a5bc-6bd06e0931bc.jpg'),(273,'0236','2026-06-05 00:00:00','venesa','3012946112',395000.00,'PAGADO',1,39,'CLIENTE',NULL,'https://kairos-stylos-storage.sfo3.digitaloceanspaces.com/temp/4c8718ad-4bf0-442e-a7ec-b011d05a24f5.jpg'),(274,'0246','2026-06-05 00:00:00','keiy','3145257454',100000.00,'PAGADO',1,39,'CLIENTE',NULL,'https://kairos-stylos-storage.sfo3.digitaloceanspaces.com/temp/ac787f24-db93-42b4-b5de-cc4da873259e.jpg'),(275,'2112','2026-06-06 00:00:00','gina solano ','3145820520',55000.00,'PAGADO',2,56,'CLIENTE',NULL,NULL),(276,'0256','2026-06-06 00:00:00','Maria','3205829400',25000.00,'PAGADO',1,75,'CLIENTE',NULL,NULL),(277,'0251','2026-06-06 00:00:00','Karina','3046292480',75000.00,'PAGADO',1,75,'CLIENTE',NULL,NULL),(278,'0253','2026-06-06 00:00:00','Jenifer','3217534217',55000.00,'PAGADO',1,75,'CLIENTE',NULL,'https://kairos-stylos-storage.sfo3.digitaloceanspaces.com/temp/fea62d87-e1fe-4a29-912f-67715c2f72a2.jpg'),(279,'0252','2026-06-06 00:00:00','Alexandra','3114315285',50000.00,'PAGADO',1,75,'CLIENTE',NULL,'https://kairos-stylos-storage.sfo3.digitaloceanspaces.com/temp/e12d4a5b-fce3-4fb0-a19b-2f6bb3e99c50.jpg'),(280,'0250','2026-06-06 00:00:00','Samir','3057710540',35000.00,'PAGADO',1,75,'CLIENTE',NULL,'https://kairos-stylos-storage.sfo3.digitaloceanspaces.com/temp/25e7e6a2-3f51-4e2a-82ea-046a39067012.jpg'),(281,'2111','2026-06-06 00:00:00','yeimy','3046300169',105000.00,'PAGADO',2,56,'CLIENTE',NULL,NULL),(282,'0257','2026-06-06 00:00:00','Meilyin','3009412786',70000.00,'PAGADO',1,75,'CLIENTE',NULL,NULL),(283,'0259','2026-06-06 00:00:00','Nadia','3004520691',20000.00,'PAGADO',1,75,'CLIENTE',NULL,'https://kairos-stylos-storage.sfo3.digitaloceanspaces.com/temp/40fa7fd1-5f5e-44cd-8ee6-c8badaa7b99e.jpg'),(284,'0260','2026-06-06 00:00:00','Claribel','3152728088',55000.00,'PAGADO',1,75,'CLIENTE',NULL,NULL),(285,'0265','2026-06-06 00:00:00','Aida','3022936437',30000.00,'PAGADO',1,75,'CLIENTE',NULL,'https://kairos-stylos-storage.sfo3.digitaloceanspaces.com/temp/81f818da-37ed-4859-92a6-2b1dffd1d3b8.jpg'),(286,'0258','2026-06-06 00:00:00','Wendy','3122307119',90000.00,'PAGADO',1,75,'CLIENTE',NULL,'https://kairos-stylos-storage.sfo3.digitaloceanspaces.com/temp/8a99e8c3-eee9-44d6-909b-8383a7a840f8.jpg'),(287,'2113','2026-06-06 00:00:00','angie conrrado ','3013063711',80000.00,'PAGADO',2,56,'CLIENTE',NULL,NULL),(288,'2116','2026-06-06 00:00:00','deisy monsalbe','3004689260',60000.00,'PAGADO',2,56,'CLIENTE',NULL,NULL),(289,'2115','2026-06-06 00:00:00','milciades ','3002144435',65000.00,'PAGADO',2,56,'CLIENTE',NULL,NULL),(290,'2114','2026-06-06 00:00:00','dayana ','3137621543',75000.00,'PAGADO',2,56,'CLIENTE',NULL,NULL),(291,'2120','2026-06-06 00:00:00','neiber','3007537126',35000.00,'PAGADO',2,56,'CLIENTE',NULL,NULL),(292,'2121','2026-06-06 00:00:00','saskia ','3242254151',75000.00,'PAGADO',2,56,'CLIENTE',NULL,NULL),(293,'2117','2026-06-06 00:00:00','laura ','3045911632',60000.00,'PAGADO',2,56,'CLIENTE',NULL,NULL),(294,'0261','2026-06-06 00:00:00','Maria Jose','3137575616',135000.00,'PAGADO',1,75,'CLIENTE',NULL,'https://kairos-stylos-storage.sfo3.digitaloceanspaces.com/temp/4d62e4b9-26be-434e-af76-dbb48d3e82a7.jpg'),(295,'0263','2026-06-06 00:00:00','Jair','3012372509',35000.00,'PAGADO',1,75,'CLIENTE',NULL,'https://kairos-stylos-storage.sfo3.digitaloceanspaces.com/temp/f2bde056-550c-42dc-86a8-1a29289a639a.jpg'),(296,'0262','2026-06-06 00:00:00','Emma','3004441957',50000.00,'PAGADO',1,75,'CLIENTE',NULL,'https://kairos-stylos-storage.sfo3.digitaloceanspaces.com/temp/c32bafa0-9eba-4a19-a7c3-0db320e8640f.jpg'),(297,'2122','2026-06-06 00:00:00','yulieth escorcia ','3117657080',50000.00,'PAGADO',2,56,'CLIENTE',NULL,NULL),(298,'2126','2026-06-06 00:00:00','maryuris ','3004707555',25000.00,'PAGADO',2,56,'CLIENTE',NULL,NULL),(299,'2125','2026-06-06 00:00:00','esther','3024910958',50000.00,'PAGADO',2,56,'CLIENTE',NULL,NULL),(300,'2118','2026-06-06 00:00:00','angie oliveros ','3145801240',80000.00,'PAGADO',2,56,'CLIENTE',NULL,NULL),(301,'2124','2026-06-06 00:00:00','maria barrios ','3014790622',15000.00,'PAGADO',2,56,'CLIENTE',NULL,NULL),(302,'2123','2026-06-06 00:00:00','jakeline ','3193178015',355000.00,'PAGADO',2,56,'CLIENTE',NULL,NULL),(303,'2130','2026-06-06 00:00:00','aracelis ','3011674149',35000.00,'PAGADO',2,56,'CLIENTE',NULL,NULL),(304,'2131','2026-06-06 00:00:00','yuleidys taborda','3012737292',60000.00,'PAGADO',2,56,'CLIENTE',NULL,NULL),(305,'2129','2026-06-06 00:00:00','neris pineda','000',30000.00,'PAGADO',2,56,'CLIENTE',NULL,NULL),(306,'2132','2026-06-06 00:00:00','saskia ','3242254151',20000.00,'PAGADO',2,56,'CLIENTE',NULL,NULL),(307,'2133','2026-06-06 00:00:00','yuleidis ','301273292',5000.00,'PAGADO',2,56,'CLIENTE',NULL,NULL),(308,'2119','2026-06-06 00:00:00','luisa','3052288248',70000.00,'PAGADO',2,56,'CLIENTE',NULL,NULL),(309,'2127','2026-06-06 00:00:00','yulibeth escorcia ','3117657080',90000.00,'PAGADO',2,56,'CLIENTE',NULL,NULL),(310,'2134','2026-06-06 00:00:00','silvia','3013076863',30000.00,'PAGADO',2,56,'CLIENTE',NULL,NULL),(311,'2128','2026-06-06 00:00:00','liliana perez','3158398897',145000.00,'PAGADO',2,56,'CLIENTE',NULL,NULL),(312,'2135','2026-06-06 00:00:00','maria ','3046776879',100000.00,'PAGADO',2,56,'CLIENTE',NULL,NULL),(313,'2137','2026-06-07 00:00:00','javier','3012679091',20000.00,'PAGADO',2,56,'CLIENTE',NULL,NULL),(314,'2138','2026-06-07 00:00:00','arley','3017018535',15000.00,'PAGADO',2,56,'CLIENTE',NULL,NULL),(315,'2141','2026-06-07 00:00:00','claudia martinez ','3205738939',15000.00,'PAGADO',2,56,'CLIENTE',NULL,NULL),(316,'2136','2026-06-07 00:00:00','geraldine ','3225528575',80000.00,'PAGADO',2,56,'CLIENTE',NULL,NULL),(317,'2139','2026-06-07 00:00:00','doris gevara ','3013269628',30000.00,'PAGADO',2,56,'CLIENTE',NULL,NULL),(319,'0307','2026-06-07 00:00:00','Vanesa','3042535257',25000.00,'PAGADO',1,75,'CLIENTE',NULL,'https://kairos-stylos-storage.sfo3.digitaloceanspaces.com/temp/38e8c8b6-70a5-4fd9-884f-2bfc7cfcc607.jpg'),(320,'0304','2026-06-07 00:00:00','Leidy','3006672307',35000.00,'PAGADO',1,75,'CLIENTE',NULL,'https://kairos-stylos-storage.sfo3.digitaloceanspaces.com/temp/1110e3c6-52ae-40b4-a0b9-dd042cf2b495.jpg'),(321,'0306','2026-06-07 00:00:00','Johana','3015124665',105000.00,'PAGADO',1,75,'CLIENTE',NULL,'https://kairos-stylos-storage.sfo3.digitaloceanspaces.com/temp/84122ac4-c391-4805-b067-4e6ce57fc405.jpg'),(322,'0311','2026-06-07 00:00:00','Karen','3207286793',15000.00,'PAGADO',1,75,'CLIENTE',NULL,'https://kairos-stylos-storage.sfo3.digitaloceanspaces.com/temp/ca2c2111-7a0f-4677-b2c2-cf6938ab1722.jpg'),(323,'2140','2026-06-07 00:00:00','maria ','3046776879',35000.00,'PAGADO',2,56,'CLIENTE',NULL,NULL),(324,'0303','2026-06-07 00:00:00','Maira','3014440301',100000.00,'PAGADO',1,75,'CLIENTE',NULL,NULL),(325,'0305','2026-06-07 00:00:00','Sindy','3007444717',90000.00,'PAGADO',1,75,'CLIENTE',NULL,NULL),(326,'2144','2026-06-07 00:00:00','danilo ','3004851858',20000.00,'PAGADO',2,56,'CLIENTE',NULL,NULL),(327,'2147','2026-06-07 00:00:00','marinela ','3046542626',25000.00,'PAGADO',2,56,'CLIENTE',NULL,NULL),(328,'2143','2026-06-07 00:00:00','tatiana ','3007335298',50000.00,'PAGADO',2,56,'CLIENTE',NULL,NULL),(329,'0308','2026-06-07 00:00:00','Gleny','3043120855',60000.00,'PAGADO',1,75,'CLIENTE',NULL,NULL),(330,'0313','2026-06-07 00:00:00','Liliana','3001359453',30000.00,'PAGADO',1,75,'CLIENTE',NULL,'https://kairos-stylos-storage.sfo3.digitaloceanspaces.com/temp/a85616ce-6cd8-4d5f-8ac9-e9719ba0c897.jpg'),(331,'0315','2026-06-07 00:00:00','Karina','3017770451',50000.00,'PAGADO',1,75,'CLIENTE',NULL,'https://kairos-stylos-storage.sfo3.digitaloceanspaces.com/temp/9dfa75c4-30dc-427a-919e-bd25c7047880.jpg'),(332,'0317','2026-06-07 00:00:00','Leidy','3023819455',30000.00,'PAGADO',1,75,'CLIENTE',NULL,NULL),(333,'0314','2026-06-07 00:00:00','Shirly','3178874004',115000.00,'PAGADO',1,75,'CLIENTE',NULL,'https://kairos-stylos-storage.sfo3.digitaloceanspaces.com/temp/570b83d3-6229-4361-b675-cc6c3d491a68.jpg'),(334,'2142','2026-06-07 00:00:00','diomar ','3003022056',130000.00,'PAGADO',2,56,'CLIENTE',NULL,NULL),(335,'0312','2026-06-07 00:00:00','Liliana','3205302050',55000.00,'PAGADO',1,75,'CLIENTE',NULL,NULL),(336,'0322','2026-06-07 00:00:00','Nicol','3012650195',20000.00,'PAGADO',1,75,'CLIENTE',NULL,NULL),(337,'2149','2026-06-07 00:00:00','silvia','3013076863',35000.00,'PAGADO',2,56,'CLIENTE',NULL,NULL),(338,'2146','2026-06-07 00:00:00','keila ','000',135000.00,'PAGADO',2,56,'CLIENTE',NULL,NULL),(339,'0321','2026-06-07 00:00:00','Paola','3115068685',30000.00,'PAGADO',1,75,'CLIENTE',NULL,'https://kairos-stylos-storage.sfo3.digitaloceanspaces.com/temp/7bb89955-919b-4e58-9249-abb8464a539d.jpg'),(340,'0316','2026-06-07 00:00:00','Linda','3007400179',50000.00,'PAGADO',1,75,'CLIENTE',NULL,'https://kairos-stylos-storage.sfo3.digitaloceanspaces.com/temp/5808360d-5ac5-446d-984c-9ab4992e224d.jpg'),(341,'0309','2026-06-07 00:00:00','Arelis','3042535257',133000.00,'PAGADO',1,75,'CLIENTE',NULL,NULL),(342,'0319','2026-06-07 00:00:00','Gustavo','3043791782',35000.00,'PAGADO',1,75,'CLIENTE',NULL,'https://kairos-stylos-storage.sfo3.digitaloceanspaces.com/temp/619f465c-79d0-45dc-8a43-ae31d91cfbed.jpg'),(343,'2151','2026-06-07 00:00:00','adelaida silgado ','3043155643',25000.00,'PAGADO',2,56,'CLIENTE',NULL,NULL),(344,'0320','2026-06-07 00:00:00','Katerine','3135692296',60000.00,'PAGADO',1,75,'CLIENTE',NULL,NULL),(345,'0323','2026-06-07 00:00:00','Valentina','3013424167',55000.00,'PAGADO',1,75,'CLIENTE',NULL,'https://kairos-stylos-storage.sfo3.digitaloceanspaces.com/temp/38b3c91f-6f23-412d-95b4-dc9f706f7bdf.jpg'),(346,'0318','2026-06-07 00:00:00','Yoslelys','3015201920',110000.00,'PAGADO',1,75,'CLIENTE',NULL,'https://kairos-stylos-storage.sfo3.digitaloceanspaces.com/temp/c80d5358-d231-4fd6-9b60-8c9e4429e083.jpg'),(347,'0333','2026-06-07 00:00:00','Coni','3022271309',100000.00,'PAGADO',1,75,'CLIENTE',NULL,NULL),(348,'2145','2026-06-07 00:00:00','maria de la hoz ','3017412751',205000.00,'PAGADO',2,56,'CLIENTE',NULL,NULL),(349,'2148','2026-06-07 00:00:00','maria ojeda ','3017977684',95000.00,'PAGADO',2,56,'CLIENTE',NULL,NULL),(350,'2150','2026-06-07 00:00:00','liseth castro ','3126604153',95000.00,'PAGADO',2,56,'CLIENTE',NULL,NULL),(351,'0324','2026-06-07 00:00:00','Monica','3043420855',40000.00,'PAGADO',1,75,'CLIENTE',NULL,NULL),(352,'2154','2026-06-07 00:00:00','zuhay','3019754647',80000.00,'PAGADO',2,56,'CLIENTE',NULL,NULL),(353,'0335','2026-06-07 00:00:00','Mirley','3244678520',25000.00,'PAGADO',1,75,'CLIENTE',NULL,'https://kairos-stylos-storage.sfo3.digitaloceanspaces.com/temp/9f691a27-755a-4601-a23c-a1f244664c43.jpg'),(354,'0330','2026-06-07 00:00:00','Nini','3022980287',20000.00,'PAGADO',1,75,'CLIENTE',NULL,NULL),(355,'0325','2026-06-07 00:00:00','Yomaira','3150596065',110000.00,'PAGADO',1,75,'CLIENTE',NULL,NULL),(356,'0337','2026-06-07 00:00:00','Mari','3008821026',50000.00,'PAGADO',1,75,'CLIENTE',NULL,'https://kairos-stylos-storage.sfo3.digitaloceanspaces.com/temp/59e29271-7326-4e55-9973-06806fc61014.jpg'),(357,'0326','2026-06-07 00:00:00','Maria','3135827400',90000.00,'PAGADO',1,75,'CLIENTE',NULL,'https://kairos-stylos-storage.sfo3.digitaloceanspaces.com/temp/2dfedd6f-9c0a-4b31-97b2-f36a15742273.jpg'),(358,'0331','2026-06-07 00:00:00','Keyla','3148629100',20000.00,'PAGADO',1,75,'CLIENTE',NULL,'https://kairos-stylos-storage.sfo3.digitaloceanspaces.com/temp/c126bbc7-c1fd-489f-8c4a-acedd36ffeb7.jpg'),(359,'2153','2026-06-07 00:00:00','melany ','3103270427',50000.00,'PAGADO',2,56,'CLIENTE',NULL,NULL),(360,'2155','2026-06-07 00:00:00','sisary','3246371625',35000.00,'PAGADO',2,56,'CLIENTE',NULL,NULL),(361,'2156','2026-06-07 00:00:00','yuleidis ','3012737291',20000.00,'PAGADO',2,56,'CLIENTE',NULL,NULL),(362,'0334','2026-06-07 00:00:00','Michel','3023484607',32000.00,'PAGADO',1,75,'CLIENTE',NULL,'https://kairos-stylos-storage.sfo3.digitaloceanspaces.com/temp/8873765a-d889-41c5-8a75-062357b57b79.jpg'),(363,'2157','2026-06-07 00:00:00','karoll','3244270023',25000.00,'PAGADO',2,56,'CLIENTE',NULL,NULL),(364,'0343','2026-06-07 00:00:00','Kelly','3023256508',25000.00,'PAGADO',1,75,'CLIENTE',NULL,'https://kairos-stylos-storage.sfo3.digitaloceanspaces.com/temp/9829569d-5b08-4472-9daf-d9de64b237a1.jpg'),(365,'0327','2026-06-07 00:00:00','Deisy','3166230653',90000.00,'PAGADO',1,75,'CLIENTE',NULL,'https://kairos-stylos-storage.sfo3.digitaloceanspaces.com/temp/56002454-5608-4ef4-ae7a-7f55eb410cbc.jpg'),(366,'0332','2026-06-07 00:00:00','Greicy','3103423068',50000.00,'PAGADO',1,75,'CLIENTE',NULL,'https://kairos-stylos-storage.sfo3.digitaloceanspaces.com/temp/7060b5dc-2d7b-43a3-80ac-667ab957d0e2.jpg'),(367,'0328','2026-06-07 00:00:00','Amanda','3207610299',70000.00,'PAGADO',1,75,'CLIENTE',NULL,NULL),(368,'0338','2026-06-07 00:00:00','Yesney','3022448224',35000.00,'PAGADO',1,75,'CLIENTE',NULL,'https://kairos-stylos-storage.sfo3.digitaloceanspaces.com/temp/f5b48342-4022-4c8d-8a53-e4983dc78ed6.jpg'),(369,'0336','2026-06-07 00:00:00','Estefany','3226906656',160000.00,'PAGADO',1,75,'CLIENTE',NULL,'https://kairos-stylos-storage.sfo3.digitaloceanspaces.com/temp/5da1b8ae-37ce-4385-9680-8b768397dcaa.jpg'),(370,'0345','2026-06-07 00:00:00','Yulieth','3017926594',30000.00,'PAGADO',1,75,'CLIENTE',NULL,'https://kairos-stylos-storage.sfo3.digitaloceanspaces.com/temp/57d908ff-2668-4d53-8273-53900d411ee6.jpg'),(371,'2158','2026-06-08 00:00:00','yeleimis ','3013818723',140000.00,'PAGADO',2,56,'CLIENTE',NULL,NULL),(372,'1505','2026-06-08 00:00:00','Yunis','3045854795',55000.00,'PAGADO',1,2,'CLIENTE',NULL,NULL),(373,'1501','2026-06-08 00:00:00','Celenia','3013340828',60000.00,'PAGADO',1,75,'CLIENTE',NULL,NULL),(374,'1506','2026-06-08 00:00:00','Tenis','3105555457',65000.00,'PAGADO',1,75,'CLIENTE',NULL,'https://kairos-stylos-storage.sfo3.digitaloceanspaces.com/temp/df6a57ce-4f39-4704-b2f2-8a9ffbdc2ab5.jpg'),(375,'1504','2026-06-08 00:00:00','Yulieth','3014905423',70000.00,'PAGADO',1,75,'CLIENTE',NULL,'https://kairos-stylos-storage.sfo3.digitaloceanspaces.com/temp/145236fb-ac3b-484e-85c0-3d8bca7a9e41.jpg'),(377,'2163','2026-06-08 00:00:00','WENDY','3136559907',25000.00,'PAGADO',2,56,'CLIENTE',NULL,NULL),(378,'2159','2026-06-08 00:00:00','norma de la ossa ','3003676680',175000.00,'PAGADO',2,56,'CLIENTE',NULL,NULL),(379,'1509','2026-06-08 00:00:00','Jairo','3002035870',185000.00,'PAGADO',1,75,'CLIENTE',NULL,'https://kairos-stylos-storage.sfo3.digitaloceanspaces.com/temp/453b0cdf-9124-4139-8207-b0b8630d76a6.jpg'),(380,'1503','2026-06-08 00:00:00','Enais','3008810361',120000.00,'PAGADO',1,75,'CLIENTE',NULL,NULL),(381,'1514','2026-06-08 00:00:00','Milena','3024777648',60000.00,'PAGADO',1,75,'CLIENTE',NULL,NULL),(382,'1515','2026-06-08 00:00:00','Nayeli','3008485566',60000.00,'PAGADO',1,75,'CLIENTE',NULL,'https://kairos-stylos-storage.sfo3.digitaloceanspaces.com/temp/5b989a43-2a19-489c-a4a0-09f803c1c711.jpg'),(383,'1507','2026-06-08 00:00:00','Bleidys','3017541541',90000.00,'PAGADO',1,75,'CLIENTE',NULL,'https://kairos-stylos-storage.sfo3.digitaloceanspaces.com/temp/cb8e2b03-e18d-4447-9655-cc4b41e8663a.jpg'),(384,'1520','2026-06-08 00:00:00','Yumilis','3180406462',40000.00,'PAGADO',1,75,'CLIENTE',NULL,NULL),(385,'1511','2026-06-08 00:00:00','Guillermina','3013240745',35000.00,'PAGADO',1,75,'CLIENTE',NULL,NULL),(386,'15188','2026-06-08 00:00:00','Everlides','3005941961',35000.00,'PAGADO',1,75,'CLIENTE',NULL,'https://kairos-stylos-storage.sfo3.digitaloceanspaces.com/temp/1f69b9ea-846f-4a4d-986b-7055d0a618a9.jpg'),(387,'1516','2026-06-08 00:00:00','Asary','3012894427',25000.00,'PAGADO',1,75,'CLIENTE',NULL,'https://kairos-stylos-storage.sfo3.digitaloceanspaces.com/temp/337d752a-844b-4a93-9b76-c865a080757d.jpg'),(388,'2161','2026-06-08 00:00:00','valentina ','3112099968',115000.00,'PAGADO',2,56,'CLIENTE',NULL,NULL),(389,'1522','2026-06-08 00:00:00','Loraine','3117824594',35000.00,'PAGADO',1,75,'CLIENTE',NULL,'https://kairos-stylos-storage.sfo3.digitaloceanspaces.com/temp/b6bc4f08-37e9-471c-989f-ad47c06bc149.jpg'),(390,'1508','2026-06-08 00:00:00','Yolimar','3225624630',105000.00,'PAGADO',1,75,'CLIENTE',NULL,'https://kairos-stylos-storage.sfo3.digitaloceanspaces.com/temp/a81625b2-0028-4e62-bdc1-947415e6dcda.jpg'),(391,'1512','2026-06-08 00:00:00','Maria Herrera','3217903151',60000.00,'PAGADO',1,75,'CLIENTE',NULL,'https://kairos-stylos-storage.sfo3.digitaloceanspaces.com/temp/ba7b83b3-e263-44ae-ae1a-1b48e9d008f6.jpg'),(392,'2162','2026-06-08 00:00:00','Karol','3009752222',35000.00,'PAGADO',2,56,'CLIENTE',NULL,NULL),(393,'1517','2026-06-08 00:00:00','Sharith','3502587894',95000.00,'PAGADO',1,75,'CLIENTE',NULL,'https://kairos-stylos-storage.sfo3.digitaloceanspaces.com/temp/2cd8bb73-2061-48bf-a24b-83180edcf2e9.jpg'),(394,'0351','2026-06-08 00:00:00','Daniela','3024384025',90000.00,'PAGADO',1,75,'CLIENTE',NULL,'https://kairos-stylos-storage.sfo3.digitaloceanspaces.com/temp/21e3befc-8fde-407f-b008-9ef5f1598f22.jpg'),(395,'2164','2026-06-08 00:00:00','lina ','3137462439',5000.00,'PAGADO',2,56,'CLIENTE',NULL,NULL),(396,'0349','2026-06-08 00:00:00','Leidy','30210339050',50000.00,'PAGADO',1,75,'CLIENTE',NULL,'https://kairos-stylos-storage.sfo3.digitaloceanspaces.com/temp/c5315a54-3b06-4785-84e3-27bd7ba666aa.jpg'),(397,'2160','2026-06-08 00:00:00','alejandra salcedo ','3015332074',135000.00,'PAGADO',2,56,'CLIENTE',NULL,NULL),(398,'1502','2026-06-08 00:00:00','Yomaira','3204578965',150000.00,'PAGADO',1,75,'CLIENTE',NULL,'https://kairos-stylos-storage.sfo3.digitaloceanspaces.com/temp/c122962e-4b46-4045-8f63-9c54142f7b40.jpg'),(399,'1523','2026-06-08 00:00:00','Kelsy','3235154720',60000.00,'PAGADO',1,75,'CLIENTE',NULL,'https://kairos-stylos-storage.sfo3.digitaloceanspaces.com/temp/598829a3-fb27-4724-96d6-8b3aa4e5913f.jpg'),(400,'1513','2026-06-08 00:00:00','Madelein','3216716278',100000.00,'PAGADO',1,75,'CLIENTE',NULL,'https://kairos-stylos-storage.sfo3.digitaloceanspaces.com/temp/3eeb90df-01e3-4e7e-aa4e-0b355f9036e6.jpg'),(401,'1519','2026-06-08 00:00:00','Belkis','3014386055',71250.00,'PAGADO',1,75,'CLIENTE',NULL,'https://kairos-stylos-storage.sfo3.digitaloceanspaces.com/temp/74061b8a-d438-42e8-9675-2db21a8f3b3b.jpg'),(402,'2165','2026-06-08 00:00:00','darlis','3007335123',55000.00,'PAGADO',2,56,'CLIENTE',NULL,NULL),(403,'0350','2026-06-08 00:00:00','Karol','3007886253',90000.00,'PAGADO',1,75,'CLIENTE',NULL,'https://kairos-stylos-storage.sfo3.digitaloceanspaces.com/temp/2255d6f1-0815-40fe-befb-6d747bd8c1ec.jpg'),(404,'0352','2026-06-08 00:00:00','Yulieth','3042060065',20000.00,'PAGADO',1,75,'CLIENTE',NULL,NULL),(406,'1524','2026-06-08 00:00:00','Adriana','3222241536',30000.00,'PAGADO',1,75,'CLIENTE',NULL,'https://kairos-stylos-storage.sfo3.digitaloceanspaces.com/temp/bfad36b3-91f8-4090-b3e1-b95c87b87f8b.jpg'),(407,'1521','2026-06-08 00:00:00','Yanethsy','3017110329',45000.00,'PAGADO',1,75,'CLIENTE',NULL,'https://kairos-stylos-storage.sfo3.digitaloceanspaces.com/temp/91efa6d9-ccad-4cd0-a206-bf2d3b2db5c6.jpg'),(408,'2166','2026-06-08 00:00:00','glenda jaramillo ','3156796319',40000.00,'PAGADO',2,56,'CLIENTE',NULL,NULL),(409,'1525','2026-06-08 00:00:00','Paola','3116404097',27000.00,'PAGADO',1,75,'CLIENTE',NULL,'https://kairos-stylos-storage.sfo3.digitaloceanspaces.com/temp/da1c02a2-1405-470e-bbd0-783e5d32d1fa.jpg'),(410,'2168','2026-06-08 00:00:00','alejandra ','3150605529',20000.00,'PAGADO',2,56,'CLIENTE',NULL,NULL),(411,'0353','2026-06-08 00:00:00','Yuranis','304126751',50000.00,'PAGADO',1,75,'CLIENTE',NULL,'https://kairos-stylos-storage.sfo3.digitaloceanspaces.com/temp/e2a93699-2b8d-4b70-b302-1655abf04ffe.jpg'),(412,'2169','2026-06-08 00:00:00','linda ','3002838479',25000.00,'PAGADO',2,56,'CLIENTE',NULL,NULL),(413,'2170','2026-06-08 00:00:00','yeimis ','3216797457',70000.00,'PAGADO',2,56,'CLIENTE',NULL,NULL),(414,'2167','2026-06-08 00:00:00','katia','3023319924',35000.00,'PAGADO',2,56,'CLIENTE',NULL,NULL),(415,'1526','2026-06-09 00:00:00','lina','3014837809',30000.00,'PAGADO',1,39,'CLIENTE',NULL,NULL),(416,'0356','2026-06-09 00:00:00','paula','3017948261',25000.00,'PAGADO',1,39,'CLIENTE',NULL,NULL),(417,'2171','2026-06-09 00:00:00','dayana ','3205533173',15000.00,'PAGADO',2,56,'CLIENTE',NULL,NULL),(418,'0357','2026-06-09 00:00:00','yohana','3145278333',40000.00,'PAGADO',1,39,'CLIENTE',NULL,'https://kairos-stylos-storage.sfo3.digitaloceanspaces.com/temp/0a5824e6-8549-4186-b057-1683fb25337d.jpg'),(419,'1528','2026-06-09 00:00:00','diana','3007385081',120000.00,'PAGADO',1,39,'CLIENTE',NULL,'https://kairos-stylos-storage.sfo3.digitaloceanspaces.com/temp/3cbfcabb-ae12-4de3-8697-cd61d305ed7e.jpg'),(420,'1527','2026-06-09 00:00:00','lindy','3023100653',85000.00,'PAGADO',1,39,'CLIENTE',NULL,'https://kairos-stylos-storage.sfo3.digitaloceanspaces.com/temp/de0a12a8-a948-498e-a249-eed9e0881068.jpg'),(421,'1529','2026-06-09 00:00:00','sheila','3213296028',45000.00,'PAGADO',1,39,'CLIENTE',NULL,'https://kairos-stylos-storage.sfo3.digitaloceanspaces.com/temp/e1d3c524-1cc8-4669-9aa1-ce5ecc7a17a2.jpg'),(422,'0359','2026-06-09 00:00:00','maria fernanda','3155502013',50000.00,'PAGADO',1,39,'CLIENTE',NULL,'https://kairos-stylos-storage.sfo3.digitaloceanspaces.com/temp/e5d1f2bf-8509-4873-8f17-f6928cb87e3f.jpg'),(423,'0355','2026-06-09 00:00:00','sile','0000',65000.00,'PAGADO',1,39,'CLIENTE',NULL,NULL),(424,'0360','2026-06-09 00:00:00','venesa','3012946112',30000.00,'PAGADO',1,39,'CLIENTE',NULL,'https://kairos-stylos-storage.sfo3.digitaloceanspaces.com/temp/b078bf72-805a-4415-ac59-abf27e5aa6b7.jpg'),(425,'0361','2026-06-09 00:00:00','camila','3046313763',100000.00,'PAGADO',1,39,'CLIENTE',NULL,'https://kairos-stylos-storage.sfo3.digitaloceanspaces.com/temp/b8a2e299-2c46-4138-8367-1e95e6069f38.jpg'),(426,'0362','2026-06-09 00:00:00','francisco','3153610436',35000.00,'PAGADO',1,39,'CLIENTE',NULL,'https://kairos-stylos-storage.sfo3.digitaloceanspaces.com/temp/10f17978-e56c-4054-ac64-8a5b4cf66541.jpg'),(427,'0363','2026-06-09 00:00:00','adriana hermana','0000',70000.00,'PAGADO',1,39,'CLIENTE',NULL,'https://kairos-stylos-storage.sfo3.digitaloceanspaces.com/temp/b952df43-2c4e-4f16-8655-e597ce2dbb17.jpg'),(429,'2172','2026-06-09 00:00:00','laudis mora ','3153208107',120000.00,'PAGADO',2,56,'CLIENTE',NULL,NULL),(430,'2174','2026-06-09 00:00:00','camila ','3242052660',25000.00,'PAGADO',2,56,'CLIENTE',NULL,NULL),(431,'2173','2026-06-09 00:00:00','carolina ','3003170181',47000.00,'PAGADO',2,56,'CLIENTE',NULL,NULL),(432,'0358','2026-06-09 00:00:00','adriana','3009957023',45000.00,'PAGADO',1,39,'CLIENTE',NULL,'https://kairos-stylos-storage.sfo3.digitaloceanspaces.com/temp/6384c5b5-90cb-468e-90af-a28d716ebc56.jpg'),(434,'0365','2026-06-10 00:00:00','paula','0000',15000.00,'PAGADO',1,39,'CLIENTE',NULL,NULL),(435,'0366','2026-06-10 00:00:00','rosa','3146417708',60000.00,'PAGADO',1,39,'CLIENTE',NULL,NULL),(436,'0367','2026-06-10 00:00:00','gladis','3246874394',33000.00,'PAGADO',1,39,'CLIENTE',NULL,NULL),(437,'0368','2026-06-10 00:00:00','adeany','3017551746',20000.00,'PAGADO',1,39,'CLIENTE',NULL,'https://kairos-stylos-storage.sfo3.digitaloceanspaces.com/temp/7f9bbe6c-65ed-4d78-9796-4bac3941eea9.jpg'),(438,'0371','2026-06-10 00:00:00','adriana','0000',20000.00,'PAGADO',1,39,'CLIENTE',NULL,NULL),(439,'0369','2026-06-10 00:00:00','ana flores','0369',35000.00,'PAGADO',1,39,'CLIENTE',NULL,NULL),(440,'0370','2026-06-10 00:00:00','valentina','3204993839',30000.00,'PAGADO',1,39,'CLIENTE',NULL,NULL),(441,'0372','2026-06-10 00:00:00','wendi','3023033370',35000.00,'PAGADO',1,39,'CLIENTE',NULL,'https://kairos-stylos-storage.sfo3.digitaloceanspaces.com/temp/6dc7181e-6905-47ca-b9f7-e67026c64558.jpg'),(442,'0374','2026-06-10 00:00:00','yeimi','3013022933',35000.00,'PAGADO',1,39,'CLIENTE',NULL,'https://kairos-stylos-storage.sfo3.digitaloceanspaces.com/temp/9316a14b-289e-4c29-8308-95e69a3741a8.jpg'),(443,'0375','2026-06-10 00:00:00','Alexandra','3043795001',20000.00,'PAGADO',1,39,'CLIENTE',NULL,'https://kairos-stylos-storage.sfo3.digitaloceanspaces.com/temp/54178996-08c6-4722-9fae-9c73a0afbbc3.jpg'),(444,'0373','2026-06-10 00:00:00','wendi','3023033370',75000.00,'PAGADO',1,39,'CLIENTE',NULL,'https://kairos-stylos-storage.sfo3.digitaloceanspaces.com/temp/ef7b8218-6f67-452e-ac1f-8629e0e03187.jpg'),(445,'2177','2026-06-10 00:00:00','danna barrera ','3213186364',50000.00,'PAGADO',2,56,'CLIENTE',NULL,NULL),(446,'2175','2026-06-10 00:00:00','angie ','3022459390',60000.00,'PAGADO',2,56,'CLIENTE',NULL,NULL),(447,'2178','2026-06-10 00:00:00','diana hernandez ','3017412751',30000.00,'PAGADO',2,56,'CLIENTE',NULL,NULL),(448,'0377','2026-06-10 00:00:00','carolina','3014532058',30000.00,'PAGADO',1,39,'CLIENTE',NULL,'https://kairos-stylos-storage.sfo3.digitaloceanspaces.com/temp/8aba0d78-6425-4f99-bde7-b7c0431766b9.jpg'),(449,'0378','2026-06-10 00:00:00','maria ','311510272',20000.00,'PAGADO',1,39,'CLIENTE',NULL,NULL),(450,'0376','2026-06-10 00:00:00','kevin','3170770680',30000.00,'PAGADO',1,39,'CLIENTE',NULL,'https://kairos-stylos-storage.sfo3.digitaloceanspaces.com/temp/da2db912-5ef7-4a43-9332-ab82638a583f.jpg'),(451,'0379','2026-06-10 00:00:00','matilde','3178129801',35000.00,'PAGADO',1,39,'CLIENTE',NULL,NULL),(452,'0380','2026-06-10 00:00:00','yohana','3237980517',30000.00,'PAGADO',1,39,'CLIENTE',NULL,'https://kairos-stylos-storage.sfo3.digitaloceanspaces.com/temp/5dc0ad81-a218-4eb3-8409-e0151de354ab.jpg'),(453,'0383','2026-06-10 00:00:00','gisel','3154130536',25000.00,'PAGADO',1,39,'CLIENTE',NULL,'https://kairos-stylos-storage.sfo3.digitaloceanspaces.com/temp/30cc4455-67fc-4091-a154-b29728807e93.jpg'),(454,'0381','2026-06-10 00:00:00','samantha','3016255085',40000.00,'PAGADO',1,39,'CLIENTE',NULL,'https://kairos-stylos-storage.sfo3.digitaloceanspaces.com/temp/bb3321fe-d33b-436f-84a2-04050a5dda87.jpg'),(455,'2183','2026-06-10 00:00:00','yorlenis ','301268474',35000.00,'PAGADO',2,56,'CLIENTE',NULL,NULL),(456,'0388','2026-06-10 00:00:00','natali','3144291744',50000.00,'PAGADO',1,39,'CLIENTE',NULL,NULL),(457,'0391','2026-06-10 00:00:00','sheila','3225148030',40000.00,'PAGADO',1,39,'CLIENTE',NULL,'https://kairos-stylos-storage.sfo3.digitaloceanspaces.com/temp/f411c8be-9593-4f71-a913-dcef618cdfad.jpg'),(458,'2181','2026-06-10 00:00:00','valeri','3045458824',20000.00,'PAGADO',2,56,'CLIENTE',NULL,NULL),(459,'0389','2026-06-10 00:00:00','Loraine','3014217774',10000.00,'PAGADO',1,39,'CLIENTE',NULL,'https://kairos-stylos-storage.sfo3.digitaloceanspaces.com/temp/395830c8-8d1e-4191-a102-5ce9d13cc889.jpg'),(460,'2180','2026-06-10 00:00:00','andrea lopez ','3023074759',10000.00,'PAGADO',2,56,'CLIENTE',NULL,NULL),(461,'0382','2026-06-10 00:00:00','karen gomez','3245910961',170000.00,'PAGADO',1,39,'CLIENTE',NULL,'https://kairos-stylos-storage.sfo3.digitaloceanspaces.com/temp/f50359db-354b-49c9-8607-5a16cf47c5a0.jpg'),(462,'2186','2026-06-10 00:00:00','yorlenis ','3012684774',10000.00,'PAGADO',2,56,'CLIENTE',NULL,NULL),(463,'2182','2026-06-10 00:00:00','alejandra salcedo ','3015332074',120000.00,'PAGADO',2,56,'CLIENTE',NULL,NULL),(464,'2179','2026-06-10 00:00:00','paola pereira ','3005993361',20000.00,'PAGADO',2,56,'CLIENTE',NULL,NULL),(465,'2176','2026-06-10 00:00:00','mariana ','3004448959',35000.00,'PAGADO',2,56,'CLIENTE',NULL,NULL),(466,'2184','2026-06-10 00:00:00','sindy','3013506217',20000.00,'PAGADO',2,56,'CLIENTE',NULL,NULL),(467,'0385','2026-06-10 00:00:00','nancy','0000',80000.00,'PAGADO',1,39,'CLIENTE',NULL,NULL),(468,'0386','2026-06-10 00:00:00','linda luz','3042060350',415000.00,'PAGADO',1,39,'CLIENTE',NULL,'https://kairos-stylos-storage.sfo3.digitaloceanspaces.com/temp/c31cfb77-9405-4114-8e97-1d2e982fa974.jpg'),(469,'2185','2026-06-10 00:00:00','lina perez','3158398897',130000.00,'PAGADO',2,56,'CLIENTE',NULL,NULL),(470,'0387','2026-06-10 00:00:00','liceth','3155113854',25000.00,'PAGADO',1,39,'CLIENTE',NULL,'https://kairos-stylos-storage.sfo3.digitaloceanspaces.com/temp/522f4687-5734-45c4-8328-c85202651ef3.jpg'),(471,'0364','2026-06-10 00:00:00','jeidy','3002330540',330000.00,'PAGADO',1,39,'CLIENTE',NULL,'https://kairos-stylos-storage.sfo3.digitaloceanspaces.com/temp/6e0bf8f4-7b3a-4864-9a42-43706aead6ab.jpg'),(472,'0392','2026-06-11 00:00:00','jenifer melendez','3182303237',25000.00,'PAGADO',1,39,'CLIENTE',NULL,NULL),(473,'0395','2026-06-11 00:00:00','ailen','3052101864',55000.00,'PAGADO',1,39,'CLIENTE',NULL,'https://kairos-stylos-storage.sfo3.digitaloceanspaces.com/temp/3b65fc71-106a-4586-82ed-0f761f968e28.jpg'),(474,'0393','2026-06-11 00:00:00','diana del prado','3233927923',35000.00,'PAGADO',1,39,'CLIENTE',NULL,'https://kairos-stylos-storage.sfo3.digitaloceanspaces.com/temp/e446e380-569e-459e-97f1-cf200ecbd141.jpg'),(475,'394','2026-06-11 00:00:00','valentina','3226196771',90000.00,'PAGADO',1,39,'CLIENTE',NULL,'https://kairos-stylos-storage.sfo3.digitaloceanspaces.com/temp/3a84ba06-442c-4229-aa23-0d83d7c1e1fd.jpg'),(476,'0396','2026-06-11 00:00:00','claudia diaz','3012110907',175000.00,'PAGADO',1,39,'CLIENTE',NULL,'https://kairos-stylos-storage.sfo3.digitaloceanspaces.com/temp/18ad994f-12a5-43a9-ae22-894c1329a667.jpg'),(477,'2187','2026-06-11 00:00:00','laura ','3004749316',70000.00,'PAGADO',2,56,'CLIENTE',NULL,NULL),(478,'1530','2026-06-11 00:00:00','claudia','3145861453',30000.00,'PAGADO',1,39,'CLIENTE',NULL,NULL),(479,'2189','2026-06-11 00:00:00','erika figueroa ','3215600248',10000.00,'PAGADO',2,56,'CLIENTE',NULL,NULL),(480,'0397','2026-06-11 00:00:00','yuranis','3016122126',50000.00,'PAGADO',1,39,'CLIENTE',NULL,NULL),(481,'2188','2026-06-11 00:00:00','cristian diaz ','3044460055',60000.00,'PAGADO',2,56,'CLIENTE',NULL,NULL),(482,'1539','2026-06-11 00:00:00','esperanza','310314691',190000.00,'PAGADO',1,39,'CLIENTE',NULL,NULL),(483,'0400','2026-06-11 00:00:00','janer','3114737388',50000.00,'PAGADO',1,39,'CLIENTE',NULL,'https://kairos-stylos-storage.sfo3.digitaloceanspaces.com/temp/0c5fc026-5174-403e-bbaf-7fb3ed305c74.jpg'),(484,'0398','2026-06-11 00:00:00','yoseli','3128362059',40000.00,'PAGADO',1,39,'CLIENTE',NULL,'https://kairos-stylos-storage.sfo3.digitaloceanspaces.com/temp/cbf8c493-5b47-4910-8196-494640996704.jpg'),(485,'0394','2026-06-11 00:00:00','valentina','3226196771',90000.00,'PAGADO',1,39,'CLIENTE',NULL,'https://kairos-stylos-storage.sfo3.digitaloceanspaces.com/temp/bdf023a5-0ec7-4504-bb30-ee75e8a38740.jpg'),(486,'1536','2026-06-11 00:00:00','shelsi','3023683630',35000.00,'PAGADO',1,39,'CLIENTE',NULL,NULL),(487,'0399','2026-06-11 00:00:00','maria jose','3024685175',85000.00,'PAGADO',1,39,'CLIENTE',NULL,'https://kairos-stylos-storage.sfo3.digitaloceanspaces.com/temp/212f8c4b-a8e8-4c8c-8bb4-444483a50802.jpg'),(488,'1531','2026-06-11 00:00:00','valeria','3024430842',110000.00,'PAGADO',1,39,'CLIENTE',NULL,'https://kairos-stylos-storage.sfo3.digitaloceanspaces.com/temp/06fe6635-e107-4e3a-a2a4-56289c1c8b43.jpg'),(489,'1537','2026-06-11 00:00:00','breisy','3223956232',80000.00,'PAGADO',1,39,'CLIENTE',NULL,'https://kairos-stylos-storage.sfo3.digitaloceanspaces.com/temp/406779f6-eb66-42a0-9337-49a720af44f9.jpg'),(490,'1533','2026-06-11 00:00:00','Sandra','3014096035',100000.00,'PAGADO',1,39,'CLIENTE',NULL,NULL),(491,'2190','2026-06-11 00:00:00','rosa ','3011928311',35000.00,'PAGADO',2,56,'CLIENTE',NULL,NULL),(493,'1541','2026-06-11 00:00:00','liceth jimenez','3148045449',65000.00,'PAGADO',1,39,'CLIENTE',NULL,'https://kairos-stylos-storage.sfo3.digitaloceanspaces.com/temp/869b47c6-bc33-4790-8ade-da71cbd370af.jpg'),(494,'1538','2026-06-11 00:00:00','liceth de la hoz','3017917789',100000.00,'PAGADO',1,39,'CLIENTE',NULL,NULL),(495,'1534','2026-06-11 00:00:00','ani','3014339068',110000.00,'PAGADO',1,39,'CLIENTE',NULL,'https://kairos-stylos-storage.sfo3.digitaloceanspaces.com/temp/1132958a-fa9c-4e2c-b7e3-66b86f09adb8.jpg'),(496,'1532','2026-06-11 00:00:00','ivana tovar','0000',80000.00,'PAGADO',1,39,'CLIENTE',NULL,'https://kairos-stylos-storage.sfo3.digitaloceanspaces.com/temp/8b69212f-81f7-4e84-9952-dc6ba5b252e0.jpg'),(497,'1535','2026-06-11 00:00:00','diana','3045534752',165000.00,'PAGADO',1,39,'CLIENTE',NULL,'https://kairos-stylos-storage.sfo3.digitaloceanspaces.com/temp/f039437d-fee8-41fe-9276-d290b8d7e4b0.jpg'),(498,'1547','2026-06-11 00:00:00','viana','3015373377',20000.00,'PAGADO',1,39,'CLIENTE',NULL,'https://kairos-stylos-storage.sfo3.digitaloceanspaces.com/temp/375a5812-030f-42ba-9020-16df23f492bd.jpg'),(499,'1540','2026-06-11 00:00:00','ariana','3128414303',70000.00,'PENDIENTE',1,39,'CLIENTE',NULL,'https://kairos-stylos-storage.sfo3.digitaloceanspaces.com/temp/591218b0-3e74-4d67-90ab-5fc6556fa412.jpg'),(500,'1549','2026-06-11 00:00:00','fania','3042490948',25000.00,'PAGADO',1,39,'CLIENTE',NULL,'https://kairos-stylos-storage.sfo3.digitaloceanspaces.com/temp/6890de32-5a02-4f70-a27b-aa93dd71ed6b.jpg'),(501,'1544','2026-06-11 00:00:00','tania','3104457646',25000.00,'PAGADO',1,39,'CLIENTE',NULL,'https://kairos-stylos-storage.sfo3.digitaloceanspaces.com/temp/19e1ca65-8731-4bc0-a1ac-c31891e1ec8a.jpg'),(502,'1543','2026-06-11 00:00:00','saray','3053745961',85000.00,'PAGADO',1,39,'CLIENTE',NULL,'https://kairos-stylos-storage.sfo3.digitaloceanspaces.com/temp/27da2413-9077-4e2d-a318-632542c63c2d.jpg'),(503,'2191','2026-06-11 00:00:00','estefania ','3003983982',60000.00,'PAGADO',2,56,'CLIENTE',NULL,NULL),(504,'1545','2026-06-11 00:00:00','carolay','3113684085',70000.00,'PAGADO',1,39,'CLIENTE',NULL,'https://kairos-stylos-storage.sfo3.digitaloceanspaces.com/temp/e392197a-f073-4964-b9b6-db80f1795ad0.jpg'),(505,'1554','2026-06-11 00:00:00','luisa','3246892875',60000.00,'PAGADO',1,39,'CLIENTE',NULL,'https://kairos-stylos-storage.sfo3.digitaloceanspaces.com/temp/2c61fa44-e728-492f-9b66-42cea673a886.jpg'),(506,'1542','2026-06-11 00:00:00','marli','3001582665',40000.00,'PAGADO',1,39,'CLIENTE',NULL,NULL),(507,'1552','2026-06-11 00:00:00','maria carvajal','3005455171',20000.00,'PAGADO',1,39,'CLIENTE',NULL,'https://kairos-stylos-storage.sfo3.digitaloceanspaces.com/temp/5cbc15bf-57a1-4401-adf2-4912a7c3aac7.jpg'),(508,'1551','2026-06-11 00:00:00','maria enrriques','3206803957',35000.00,'PAGADO',1,39,'CLIENTE',NULL,NULL),(509,'2193','2026-06-11 00:00:00','erika ','3117172191',35000.00,'PAGADO',2,56,'CLIENTE',NULL,NULL),(510,'1548','2026-06-11 00:00:00','yara','3184749892',70000.00,'PAGADO',1,39,'CLIENTE',NULL,NULL),(511,'1553','2026-06-11 00:00:00','karina','0000',45000.00,'PAGADO',1,39,'CLIENTE',NULL,NULL),(512,'1559','2026-06-11 00:00:00','natali','304213759',10000.00,'PAGADO',1,39,'CLIENTE',NULL,NULL),(513,'2192','2026-06-11 00:00:00','brenda ','3246811471',150000.00,'PAGADO',2,56,'CLIENTE',NULL,NULL),(514,'1555','2026-06-11 00:00:00','kiara','3137537773',50000.00,'PAGADO',1,39,'CLIENTE',NULL,'https://kairos-stylos-storage.sfo3.digitaloceanspaces.com/temp/304a932f-26f5-40f9-8b0b-40742608f636.jpg'),(515,'1562','2026-06-12 00:00:00','Dayana','3113784683',40000.00,'PAGADO',1,75,'CLIENTE',NULL,NULL),(516,'1560','2026-06-12 00:00:00','Liceth','3196043427',80000.00,'PAGADO',1,75,'CLIENTE',NULL,'https://kairos-stylos-storage.sfo3.digitaloceanspaces.com/temp/69159247-ecf5-45d5-9dd8-b94d4b40430f.jpg'),(517,'2195','2026-06-12 00:00:00','maria angel ','3006921060',35000.00,'PAGADO',2,56,'CLIENTE',NULL,NULL),(518,'2196','2026-06-12 00:00:00','yuleidis ','3012737291',25000.00,'PAGADO',2,56,'CLIENTE',NULL,NULL),(519,'1565','2026-06-12 00:00:00','Kareby','3015686539',30000.00,'PAGADO',1,75,'CLIENTE',NULL,'https://kairos-stylos-storage.sfo3.digitaloceanspaces.com/temp/e1d1536f-c135-4af1-972f-3c345130c157.jpg'),(520,'2198','2026-06-12 00:00:00','lilia ','3018588895',30000.00,'PAGADO',2,56,'CLIENTE',NULL,NULL),(521,'1564','2026-06-12 00:00:00','Shirly','3178874004',55000.00,'PAGADO',1,75,'CLIENTE',NULL,'https://kairos-stylos-storage.sfo3.digitaloceanspaces.com/temp/215ccb79-6474-417a-894e-83297d16840c.jpg'),(522,'1563','2026-06-12 00:00:00','Daniela','3206236843',105000.00,'PAGADO',1,75,'CLIENTE',NULL,'https://kairos-stylos-storage.sfo3.digitaloceanspaces.com/temp/a41b2ee9-2d70-46a1-ad26-9f425718025b.jpg'),(523,'1566','2026-06-12 00:00:00','Ana','3016771275',35000.00,'PAGADO',1,75,'CLIENTE',NULL,'https://kairos-stylos-storage.sfo3.digitaloceanspaces.com/temp/433d4dd9-9224-4f56-b86a-3ae520cc5743.jpg'),(524,'2194','2026-06-12 00:00:00','kimberly ','3012337726',105000.00,'PAGADO',2,56,'CLIENTE',NULL,NULL),(525,'1567','2026-06-12 00:00:00','Lucia','3158721458',30000.00,'PAGADO',1,75,'CLIENTE',NULL,NULL),(526,'1561','2026-06-12 00:00:00','Vanesa','3004592530',135000.00,'PAGADO',1,75,'CLIENTE',NULL,'https://kairos-stylos-storage.sfo3.digitaloceanspaces.com/temp/728c50ac-6a2a-4d79-9964-392748af4905.jpg'),(527,'2201','2026-06-12 00:00:00','javier ','3115163848',20000.00,'PAGADO',2,56,'CLIENTE',NULL,NULL),(528,'1569','2026-06-12 00:00:00','Yuleisy','3023138266',60000.00,'PAGADO',1,75,'CLIENTE',NULL,'https://kairos-stylos-storage.sfo3.digitaloceanspaces.com/temp/35b6646b-fe29-45fb-9879-1d160bee2c4b.jpg'),(529,'1570','2026-06-12 00:00:00','Angela','3005657247',35000.00,'PAGADO',1,75,'CLIENTE',NULL,'https://kairos-stylos-storage.sfo3.digitaloceanspaces.com/temp/4ae679eb-a836-494a-8239-a88c0f4a9c11.jpg'),(530,'1572','2026-06-12 00:00:00','Loreizy','3235356488',35000.00,'PAGADO',1,75,'CLIENTE',NULL,'https://kairos-stylos-storage.sfo3.digitaloceanspaces.com/temp/d842ddc1-d0ef-4bb7-b65a-45aac68bf068.jpg'),(531,'2199','2026-06-12 00:00:00','maria paula ','3165751810',55000.00,'PAGADO',2,56,'CLIENTE',NULL,NULL),(532,'2200','2026-06-12 00:00:00','luz mejia ','3233336579',70000.00,'PAGADO',2,56,'CLIENTE',NULL,NULL),(533,'1571','2026-06-12 00:00:00','Gladyys','3246874394',65000.00,'PAGADO',1,75,'CLIENTE',NULL,'https://kairos-stylos-storage.sfo3.digitaloceanspaces.com/temp/0ce51c97-6047-4a6c-91fc-f6e179edebcf.jpg'),(534,'2197','2026-06-12 00:00:00','maria diaz ','3004422919',90000.00,'PAGADO',2,56,'CLIENTE',NULL,NULL),(535,'1575','2026-06-12 00:00:00','Emily','3003912563',60000.00,'PAGADO',1,75,'CLIENTE',NULL,'https://kairos-stylos-storage.sfo3.digitaloceanspaces.com/temp/186e0baa-db4c-4574-a5ef-1856f0d6a831.jpg'),(536,'1573','2026-06-12 00:00:00','Yoselin','3187567188',50000.00,'PAGADO',1,75,'CLIENTE',NULL,'https://kairos-stylos-storage.sfo3.digitaloceanspaces.com/temp/512ec1c7-4b56-4a00-804e-f0d261a682e0.jpg'),(537,'1582','2026-06-12 00:00:00','Lilian','3012962358',65000.00,'PAGADO',1,75,'CLIENTE',NULL,'https://kairos-stylos-storage.sfo3.digitaloceanspaces.com/temp/713d8298-5db1-409f-87e2-bdbba4ee853a.jpg'),(538,'2203','2026-06-12 00:00:00','maria ','3046776879',110000.00,'PAGADO',2,56,'CLIENTE',NULL,NULL),(539,'2208','2026-06-12 00:00:00','yenifer ','3103314793',55000.00,'PAGADO',2,56,'CLIENTE',NULL,NULL),(541,'2206','2026-06-12 00:00:00','yasira borja ','3003315562',80000.00,'PAGADO',2,56,'CLIENTE',NULL,NULL),(542,'2212','2026-06-12 00:00:00','gina','3022103888',25000.00,'PAGADO',2,56,'CLIENTE',NULL,NULL),(543,'2213','2026-06-12 00:00:00','ashly ','3006040430',25000.00,'PAGADO',2,56,'CLIENTE',NULL,NULL),(544,'2209','2026-06-12 00:00:00','yerismar ','3011625647',35000.00,'PAGADO',2,56,'CLIENTE',NULL,NULL),(545,'2202','2026-06-12 00:00:00','camila','3044621715',65000.00,'PAGADO',2,56,'CLIENTE',NULL,NULL),(547,'2215','2026-06-12 00:00:00','delis ','3142011287',10000.00,'PAGADO',2,56,'CLIENTE',NULL,NULL),(548,'2210','2026-06-12 00:00:00','emna','3187449469',35000.00,'PAGADO',2,56,'CLIENTE',NULL,NULL),(549,'2204','2026-06-12 00:00:00','dilian ','3007087089',110000.00,'PAGADO',2,56,'CLIENTE',NULL,NULL),(550,'2216','2026-06-12 00:00:00','bianeth ','3016379455',60000.00,'PAGADO',2,56,'CLIENTE',NULL,NULL),(551,'2207','2026-06-12 00:00:00','carmen ','3012999613',80000.00,'PAGADO',2,56,'CLIENTE',NULL,NULL),(552,'2217','2026-06-12 00:00:00','yulianis ','3507237983',25000.00,'PAGADO',2,56,'CLIENTE',NULL,NULL),(553,'2214','2026-06-12 00:00:00','valeri','3016905824',35000.00,'PAGADO',2,56,'CLIENTE',NULL,NULL),(554,'2205','2026-06-12 00:00:00','shaila ','3023367270',270000.00,'PAGADO',2,56,'CLIENTE',NULL,NULL),(555,'2218','2026-06-12 00:00:00','mayerli','3014238021',60000.00,'PAGADO',2,56,'CLIENTE',NULL,NULL),(556,'2211','2026-06-12 00:00:00','laura ','3007267486',210000.00,'PAGADO',2,56,'CLIENTE',NULL,NULL),(557,'0909','2026-06-13 00:00:00','Ana','3013219694',10000.00,'PAGADO',1,75,'CLIENTE',NULL,NULL),(558,'0905','2026-06-13 00:00:00','Fabiana','3007782719',30000.00,'PAGADO',1,75,'CLIENTE',NULL,'https://kairos-stylos-storage.sfo3.digitaloceanspaces.com/temp/f6791478-be51-4d72-942e-12899ac24737.jpg'),(559,'0904','2026-06-13 00:00:00','Leidy','30144402165',30000.00,'PAGADO',1,75,'CLIENTE',NULL,'https://kairos-stylos-storage.sfo3.digitaloceanspaces.com/temp/dc187ae1-5150-46ec-b093-8967264a7a33.jpg'),(560,'0906','2026-06-13 00:00:00','Yira','3246654627',55000.00,'PAGADO',1,75,'CLIENTE',NULL,'https://kairos-stylos-storage.sfo3.digitaloceanspaces.com/temp/0990f21d-8b73-4fdd-a094-ec6de9f4cf0c.jpg'),(561,'2221','2026-06-13 00:00:00','magdalena martinez ','3176744626',15000.00,'PAGADO',2,56,'CLIENTE',NULL,NULL),(562,'0912','2026-06-13 00:00:00','Sujey','3225105083',25000.00,'PAGADO',1,75,'CLIENTE',NULL,'https://kairos-stylos-storage.sfo3.digitaloceanspaces.com/temp/d25d36bf-0b23-46e6-94e4-e1f707a50195.jpg'),(563,'0910','2026-06-13 00:00:00','Yulitza','3008817977',30000.00,'PAGADO',1,75,'CLIENTE',NULL,'https://kairos-stylos-storage.sfo3.digitaloceanspaces.com/temp/a5a787cc-8a0a-40c6-9f95-37ec1e46a5bb.jpg'),(564,'0903','2026-06-13 00:00:00','Yesica','3144786226',70000.00,'PAGADO',1,75,'CLIENTE',NULL,NULL),(565,'2222','2026-06-13 00:00:00','shirly toloza ','3015592182 ',60000.00,'PAGADO',2,56,'CLIENTE',NULL,NULL),(566,'0913','2026-06-13 00:00:00','Adelaida','3006111929',35000.00,'PAGADO',1,75,'CLIENTE',NULL,NULL),(567,'2223','2026-06-13 00:00:00','WENDY','3014511334',60000.00,'PAGADO',2,56,'CLIENTE',NULL,NULL),(568,'2219','2026-06-13 00:00:00','naiker ','3116438337',190000.00,'PAGADO',2,56,'CLIENTE',NULL,NULL),(569,'0924','2026-06-13 00:00:00','Dayana','3206831623',25000.00,'PAGADO',1,75,'CLIENTE',NULL,NULL),(570,'0911','2026-06-13 00:00:00','Yakelin','3128841124',80000.00,'PAGADO',1,75,'CLIENTE',NULL,NULL),(571,'2220','2026-06-13 00:00:00','eulalia','3104906655',460000.00,'PAGADO',2,56,'CLIENTE',NULL,NULL),(572,'0914','2026-06-13 00:00:00','Ariana','3006011252',90000.00,'PAGADO',1,75,'CLIENTE',NULL,NULL),(573,'0925','2026-06-13 00:00:00','Angelica','3018681289',35000.00,'PAGADO',1,75,'CLIENTE',NULL,'https://kairos-stylos-storage.sfo3.digitaloceanspaces.com/temp/4e9d6e9f-551a-49dc-a80a-3d1ffcbdaa86.jpg'),(574,'0917','2026-06-13 00:00:00','Valentina','3004133817',80000.00,'PAGADO',1,75,'CLIENTE',NULL,'https://kairos-stylos-storage.sfo3.digitaloceanspaces.com/temp/98883b72-022c-4596-94ee-41fc16718bae.jpg'),(575,'0919','2026-06-13 00:00:00','Daniela','3235391953',95000.00,'PAGADO',1,75,'CLIENTE',NULL,'https://kairos-stylos-storage.sfo3.digitaloceanspaces.com/temp/076647c5-66df-419d-b236-db7d03ac1198.jpg'),(576,'0907','2026-06-13 00:00:00','Daniela','3242354239',151000.00,'PAGADO',1,75,'CLIENTE',NULL,NULL),(577,'2227','2026-06-13 00:00:00','ofelia ','3218702142',30000.00,'PAGADO',2,56,'CLIENTE',NULL,NULL),(578,'0933','2026-06-13 00:00:00','Alma','3107417746',25000.00,'PAGADO',1,75,'CLIENTE',NULL,'https://kairos-stylos-storage.sfo3.digitaloceanspaces.com/temp/8a329a37-b904-457a-94a0-1e5d2f1ecece.jpg'),(579,'0920','2026-06-13 00:00:00','Maria Alejandra','3217903151',95000.00,'PAGADO',1,75,'CLIENTE',NULL,'https://kairos-stylos-storage.sfo3.digitaloceanspaces.com/temp/1e7966c4-133e-437c-a8cc-bb87c2cdf717.jpg'),(580,'2225','2026-06-13 00:00:00','laura ','3004749316',35000.00,'PAGADO',2,56,'CLIENTE',NULL,NULL),(581,'2224','2026-06-13 00:00:00','alexa pardo ','3024432804',165000.00,'PAGADO',2,56,'CLIENTE',NULL,NULL),(582,'0929','2026-06-13 00:00:00','Valentina','3005860701',35000.00,'PAGADO',1,75,'CLIENTE',NULL,NULL),(583,'0935','2026-06-13 00:00:00','Yeni','3043827656',105000.00,'PAGADO',1,75,'CLIENTE',NULL,'https://kairos-stylos-storage.sfo3.digitaloceanspaces.com/temp/6ba259b0-5352-4d44-82ee-70d23b308927.jpg'),(584,'2229','2026-06-13 00:00:00','estefany lopez','3015814356',40000.00,'PAGADO',2,56,'CLIENTE',NULL,NULL),(585,'2226','2026-06-13 00:00:00','beatriz ','3107084313',50000.00,'PAGADO',2,56,'CLIENTE',NULL,NULL),(586,'2228','2026-06-13 00:00:00','ingry','3006576284',75000.00,'PAGADO',2,56,'CLIENTE',NULL,NULL),(587,'2232','2026-06-13 00:00:00','norma de la ossa ','3003676680',30000.00,'PAGADO',2,56,'CLIENTE',NULL,NULL),(588,'2238','2026-06-13 00:00:00','jelsa ','0000',35000.00,'PAGADO',2,56,'CLIENTE',NULL,NULL),(589,'2237','2026-06-13 00:00:00','maria ','3006897747',65000.00,'PAGADO',2,56,'CLIENTE',NULL,NULL),(590,'2242','2026-06-13 00:00:00','daniela','0000',40000.00,'PAGADO',2,56,'CLIENTE',NULL,NULL),(591,'2241','2026-06-13 00:00:00','oriana ','3207768488',15000.00,'PAGADO',2,56,'CLIENTE',NULL,NULL),(592,'2239','2026-06-13 00:00:00','eduardo ','3005769757',50000.00,'PAGADO',2,56,'CLIENTE',NULL,NULL),(593,'2233','2026-06-13 00:00:00','juan carlos ','3102733101',30000.00,'PAGADO',2,56,'CLIENTE',NULL,NULL),(594,'2243','2026-06-13 00:00:00','yesenia ramirez ','3004400335',25000.00,'PAGADO',2,56,'CLIENTE',NULL,NULL),(595,'2230','2026-06-13 00:00:00','yulibeth escorcia ','3117657080',225000.00,'PAGADO',2,56,'CLIENTE',NULL,NULL),(596,'2231','2026-06-13 00:00:00','yenifer barrera ','3243346570',80000.00,'PAGADO',2,56,'CLIENTE',NULL,NULL),(597,'2244','2026-06-13 00:00:00','beatriz ','3014285018',35000.00,'PAGADO',2,56,'CLIENTE',NULL,NULL),(598,'2236','2026-06-13 00:00:00','lina ','3137462439',65000.00,'PAGADO',2,56,'CLIENTE',NULL,NULL),(599,'2235','2026-06-13 00:00:00','laura ','3004749316',80000.00,'PAGADO',2,56,'CLIENTE',NULL,NULL),(600,'2234','2026-06-13 00:00:00','johana ','3016404123',80000.00,'PAGADO',2,56,'CLIENTE',NULL,NULL),(601,'15189','2026-06-13 00:00:00','Natali','3012995495',30000.00,'PAGADO',1,75,'CLIENTE',NULL,'https://kairos-stylos-storage.sfo3.digitaloceanspaces.com/temp/a4491888-312b-425e-8149-f75c942ee0fe.jpg'),(602,'0952','2026-06-13 00:00:00','Ladianis','3245897415',50000.00,'PAGADO',1,75,'CLIENTE',NULL,'https://kairos-stylos-storage.sfo3.digitaloceanspaces.com/temp/a57d2398-e6c0-4ace-ac84-27459810755c.jpg'),(603,'0959','2026-06-13 00:00:00','Yomaira','3003245865',25000.00,'PAGADO',1,75,'CLIENTE',NULL,NULL),(604,'0941','2026-06-13 00:00:00','Isaura','3205587122',50000.00,'PAGADO',1,75,'CLIENTE',NULL,NULL),(605,'0946','2026-06-13 00:00:00','Maria','3116301643',25000.00,'PAGADO',1,75,'CLIENTE',NULL,'https://kairos-stylos-storage.sfo3.digitaloceanspaces.com/temp/ec841ec3-4789-448a-ae62-b4acbc16b722.jpg'),(606,'0908','2026-06-13 00:00:00','Stefany','3186821372',90000.00,'PAGADO',1,75,'CLIENTE',NULL,'https://kairos-stylos-storage.sfo3.digitaloceanspaces.com/temp/2bd2fd9a-d406-43d2-90c3-157fa385a746.jpg'),(607,'0942','2026-06-13 00:00:00','Hely','3501458798',35000.00,'PAGADO',1,75,'CLIENTE',NULL,NULL),(608,'0918','2026-06-13 00:00:00','Monica','3003945443',105000.00,'PAGADO',1,75,'CLIENTE',NULL,'https://kairos-stylos-storage.sfo3.digitaloceanspaces.com/temp/3cc48718-e71c-4150-b188-578bb04e71c7.jpg'),(609,'0916','2026-06-13 00:00:00','Morelia','3007306064',140000.00,'PAGADO',1,75,'CLIENTE',NULL,'https://kairos-stylos-storage.sfo3.digitaloceanspaces.com/temp/d8ed8a51-524b-404f-9376-570ee5bbda6c.jpg'),(610,'0921','2026-06-13 00:00:00','Elizabbeth','3135367691',55000.00,'PAGADO',1,75,'CLIENTE',NULL,'https://kairos-stylos-storage.sfo3.digitaloceanspaces.com/temp/24536897-454c-4b18-9ab1-2de745e49e0f.jpg'),(611,'0953','2026-06-13 00:00:00','Laura','3205487412',80000.00,'PAGADO',1,75,'CLIENTE',NULL,'https://kairos-stylos-storage.sfo3.digitaloceanspaces.com/temp/83068318-d073-46d2-a9fa-f3e9ff90ea6d.jpg'),(612,'0936','2026-06-13 00:00:00','Anyela','3006590295',30000.00,'PAGADO',1,75,'CLIENTE',NULL,'https://kairos-stylos-storage.sfo3.digitaloceanspaces.com/temp/ccf9ad43-70d5-4f97-892f-339f6ad91409.jpg'),(613,'2240','2026-06-13 00:00:00','sharic','3025324938',105000.00,'PAGADO',2,56,'CLIENTE',NULL,NULL),(614,'2247','2026-06-13 00:00:00','saraangie','3015022476',38000.00,'PAGADO',2,56,'CLIENTE',NULL,NULL),(615,'2245','2026-06-13 00:00:00','yuranis','3016894518',145000.00,'PAGADO',2,56,'CLIENTE',NULL,NULL),(616,'2246','2026-06-13 00:00:00','charlen ','3018763761',165000.00,'PAGADO',2,56,'CLIENTE',NULL,NULL),(617,'2248','2026-06-14 00:00:00','yuli suarez ','3112534640',50000.00,'PAGADO',2,56,'CLIENTE',NULL,NULL),(618,'2249','2026-06-14 00:00:00','gina ','3207768488',90000.00,'PAGADO',2,56,'CLIENTE',NULL,NULL),(619,'0981','2026-06-14 00:00:00','Adriana','3006954538',95000.00,'PAGADO',1,75,'CLIENTE',NULL,'https://kairos-stylos-storage.sfo3.digitaloceanspaces.com/temp/d7714594-14ca-407d-b18d-108360c3f6a7.jpg'),(620,'0982','2026-06-14 00:00:00','libardo','3002145502',35000.00,'PAGADO',1,75,'CLIENTE',NULL,NULL),(621,'0980','2026-06-14 00:00:00','Yuri','3016382734',45000.00,'PAGADO',1,75,'CLIENTE',NULL,NULL),(622,'0979','2026-06-14 00:00:00','nancy','3504166734',35000.00,'PAGADO',1,75,'CLIENTE',NULL,'https://kairos-stylos-storage.sfo3.digitaloceanspaces.com/temp/37984930-4082-4e5d-85bc-029c156350d1.jpg'),(623,'0977','2026-06-14 00:00:00','edith','3226146944',20000.00,'PAGADO',1,75,'CLIENTE',NULL,NULL),(624,'0976','2026-06-14 00:00:00','dayana','3002318774',40000.00,'PAGADO',1,75,'CLIENTE',NULL,NULL),(625,'0975','2026-06-14 00:00:00','enrique','3122567384',30000.00,'PAGADO',1,75,'CLIENTE',NULL,NULL),(626,'0973','2026-06-14 00:00:00','diana','3043634930',30000.00,'PAGADO',1,75,'CLIENTE',NULL,'https://kairos-stylos-storage.sfo3.digitaloceanspaces.com/temp/36fddce9-8ec4-4cab-a426-10d372683bc9.jpg'),(627,'0978','2026-06-14 00:00:00','nicol','3044551338',10000.00,'PAGADO',1,75,'CLIENTE',NULL,'https://kairos-stylos-storage.sfo3.digitaloceanspaces.com/temp/7734d67d-e2de-49f7-b1eb-60c241f6995b.jpg'),(628,'0986','2026-06-14 00:00:00','angelicca','3017364800',15000.00,'PAGADO',1,75,'CLIENTE',NULL,'https://kairos-stylos-storage.sfo3.digitaloceanspaces.com/temp/c4b6f10f-ef27-40bd-a9db-a6983ced56a2.jpg'),(629,'0974','2026-06-14 00:00:00','lauren','3046626637',105000.00,'PAGADO',1,75,'CLIENTE',NULL,'https://kairos-stylos-storage.sfo3.digitaloceanspaces.com/temp/ff2d1033-27e6-4768-bc97-729ebd9b9e54.jpg'),(630,'2253','2026-06-14 00:00:00','luis','3002902320',30000.00,'PAGADO',2,56,'CLIENTE',NULL,NULL),(631,'0989','2026-06-14 00:00:00','hasly','3022722061',25000.00,'PAGADO',1,75,'CLIENTE',NULL,'https://kairos-stylos-storage.sfo3.digitaloceanspaces.com/temp/096ff958-91a1-41d3-956e-fd4540dd5213.jpg'),(632,'0985','2026-06-14 00:00:00','yanethsy','3017110329',50000.00,'PAGADO',1,75,'CLIENTE',NULL,NULL),(633,'2256','2026-06-14 00:00:00','yakeline','3145013541',15000.00,'PAGADO',2,56,'CLIENTE',NULL,NULL),(634,'0983','2026-06-14 00:00:00','anelis','3052873653',95000.00,'PAGADO',1,75,'CLIENTE',NULL,NULL),(635,'2255','2026-06-14 00:00:00','tatiana ','3007335298',40000.00,'PAGADO',2,56,'CLIENTE',NULL,NULL),(636,'0984','2026-06-14 00:00:00','hailin','3027474419',205000.00,'PAGADO',1,75,'CLIENTE',NULL,'https://kairos-stylos-storage.sfo3.digitaloceanspaces.com/temp/1474e101-f473-4136-aaf0-67af93eedee1.jpg'),(637,'0994','2026-06-14 00:00:00','vanesa','3137248690',25000.00,'PAGADO',1,75,'CLIENTE',NULL,'https://kairos-stylos-storage.sfo3.digitaloceanspaces.com/temp/454bfb6a-0362-418e-ba7b-7d88d19737e1.jpg'),(638,'0990','2026-06-14 00:00:00','vanesa','3137248690',55000.00,'PAGADO',1,75,'CLIENTE',NULL,'https://kairos-stylos-storage.sfo3.digitaloceanspaces.com/temp/c49f6de5-cee3-4edc-b6e6-33dd650a50fa.jpg'),(639,'0997','2026-06-14 00:00:00','karina','3017770451',50000.00,'PAGADO',1,75,'CLIENTE',NULL,'https://kairos-stylos-storage.sfo3.digitaloceanspaces.com/temp/1389d1ed-d296-422c-8b07-6a6e7819d5fb.jpg'),(640,'0988','2026-06-14 00:00:00','marly','3004155233',100000.00,'PAGADO',1,75,'CLIENTE',NULL,NULL),(641,'0987','2026-06-14 00:00:00','loraine','3005234903',160000.00,'PAGADO',1,75,'CLIENTE',NULL,'https://kairos-stylos-storage.sfo3.digitaloceanspaces.com/temp/84a92f87-6532-4d45-be86-a8915a9df11b.jpg'),(642,'0998','2026-06-14 00:00:00','sandra','3012372935',65000.00,'PAGADO',1,75,'CLIENTE',NULL,NULL),(643,'0996','2026-06-14 00:00:00','teresa','3015740970',25000.00,'PAGADO',1,75,'CLIENTE',NULL,NULL),(644,'0801','2026-06-14 00:00:00','isabella','3025754232',15000.00,'PAGADO',1,75,'CLIENTE',NULL,'https://kairos-stylos-storage.sfo3.digitaloceanspaces.com/temp/9047245e-db4b-47a3-a2ce-09e2ef5a11e3.jpg'),(645,'0999','2026-06-14 00:00:00','yeimi','3013022933',60000.00,'PAGADO',1,75,'CLIENTE',NULL,NULL),(646,'0802','2026-06-14 00:00:00','daya','3245785029',50000.00,'PAGADO',1,75,'CLIENTE',NULL,'https://kairos-stylos-storage.sfo3.digitaloceanspaces.com/temp/1d68d52c-9d11-43d2-919f-1e1621f0b71c.jpg'),(647,'0803','2026-06-14 00:00:00','yeseli','3105104145',35000.00,'PAGADO',1,75,'CLIENTE',NULL,'https://kairos-stylos-storage.sfo3.digitaloceanspaces.com/temp/ef4474f6-5089-40bc-8289-86d311e63b79.jpg'),(648,'0993','2026-06-14 00:00:00','leidy','3122635175',50000.00,'PAGADO',1,75,'CLIENTE',NULL,'https://kairos-stylos-storage.sfo3.digitaloceanspaces.com/temp/10d71dec-5ffb-49d7-9f26-b22d3c073ce1.jpg'),(649,'0806','2026-06-14 00:00:00','vivian','3127617588',50000.00,'PAGADO',1,75,'CLIENTE',NULL,'https://kairos-stylos-storage.sfo3.digitaloceanspaces.com/temp/7a8e699b-1096-4231-ab41-320b87237175.jpg'),(650,'2264','2026-06-14 00:00:00','ines ','3013679858',30000.00,'PAGADO',2,56,'CLIENTE',NULL,NULL),(651,'2258','2026-06-14 00:00:00','kaina ','3046098928',40000.00,'PAGADO',2,56,'CLIENTE',NULL,NULL),(652,'0992','2026-06-14 00:00:00','saray','3017032979',75000.00,'PAGADO',1,75,'CLIENTE',NULL,'https://kairos-stylos-storage.sfo3.digitaloceanspaces.com/temp/5c9d8478-13ce-4b93-9f05-61ca9584ce35.jpg'),(653,'0810','2026-06-14 00:00:00','yerlis','3136698313',55000.00,'PAGADO',1,75,'CLIENTE',NULL,'https://kairos-stylos-storage.sfo3.digitaloceanspaces.com/temp/7661433a-a33d-4501-a4ae-91ed2b048d6f.jpg'),(654,'1000','2026-06-14 00:00:00','yandi','3008495785',35000.00,'PAGADO',1,75,'CLIENTE',NULL,'https://kairos-stylos-storage.sfo3.digitaloceanspaces.com/temp/30bb63c8-6bc6-4daa-b724-bc2245d0a1ca.jpg'),(655,'2259','2026-06-14 00:00:00','dayana gutierrez ','3008861907',15000.00,'PAGADO',2,56,'CLIENTE',NULL,NULL),(656,'2257','2026-06-14 00:00:00','deivis castro ','3242263875',50000.00,'PAGADO',2,56,'CLIENTE',NULL,NULL),(657,'0804','2026-06-14 00:00:00','johana','3002491106',50000.00,'PAGADO',1,75,'CLIENTE',NULL,'https://kairos-stylos-storage.sfo3.digitaloceanspaces.com/temp/d7490834-ce01-4186-b877-8d2559980935.jpg'),(658,'2263','2026-06-14 00:00:00','dilia ','3011592803',10000.00,'PAGADO',2,56,'CLIENTE',NULL,NULL),(659,'2265','2026-06-14 00:00:00','alexandra ','3212864140',85000.00,'PAGADO',2,56,'CLIENTE',NULL,NULL),(660,'2254','2026-06-14 00:00:00','valeri','3016905824',60000.00,'PAGADO',2,56,'CLIENTE',NULL,NULL),(661,'2252','2026-06-14 00:00:00','Valentina','3017988007',105000.00,'PAGADO',2,56,'CLIENTE',NULL,NULL),(662,'0807','2026-06-14 00:00:00','sandra','3014096035',50000.00,'PAGADO',1,75,'CLIENTE',NULL,NULL),(663,'2250','2026-06-14 00:00:00','paula torres','3011221509',175000.00,'PAGADO',2,56,'CLIENTE',NULL,NULL),(664,'2261','2026-06-14 00:00:00','genesis castro','3242334345',35000.00,'PAGADO',2,56,'CLIENTE',NULL,NULL),(665,'2260','2026-06-14 00:00:00','valentina ','3015810223',75000.00,'PAGADO',2,56,'CLIENTE',NULL,NULL),(666,'0812','2026-06-14 00:00:00','alejandra','3046708516',15000.00,'PAGADO',1,75,'CLIENTE',NULL,'https://kairos-stylos-storage.sfo3.digitaloceanspaces.com/temp/24b32eed-ef5e-4a66-8904-f1639de55157.jpg'),(667,'0991','2026-06-14 00:00:00','yesica','3006671959',95000.00,'PAGADO',1,75,'CLIENTE',NULL,NULL),(668,'0808','2026-06-14 00:00:00','osiris','3217540665',65000.00,'PAGADO',1,75,'CLIENTE',NULL,'https://kairos-stylos-storage.sfo3.digitaloceanspaces.com/temp/a495fa0f-e543-4a04-90d1-9bfdcf7d659a.jpg'),(669,'0816','2026-06-14 00:00:00','karen','3207286793',15000.00,'PAGADO',1,75,'CLIENTE',NULL,NULL),(670,'0995','2026-06-14 00:00:00','alejandra','3013019140',140000.00,'PAGADO',1,75,'CLIENTE',NULL,'https://kairos-stylos-storage.sfo3.digitaloceanspaces.com/temp/c11c876f-b53e-46ca-93c0-f1eb396e814a.jpg'),(671,'0819','2026-06-14 00:00:00','mayerli','3053848553',35000.00,'PAGADO',1,75,'CLIENTE',NULL,'https://kairos-stylos-storage.sfo3.digitaloceanspaces.com/temp/7859ae47-1ff4-4b87-8a45-4957304ad612.jpg'),(672,'2266','2026-06-14 00:00:00','diana ','3011885489',150000.00,'PAGADO',2,56,'CLIENTE',NULL,NULL),(673,'0820','2026-06-14 00:00:00','nuris','3137298592',35000.00,'PAGADO',1,75,'CLIENTE',NULL,NULL),(674,'2268','2026-06-14 00:00:00','andrea','3017165777',55000.00,'PAGADO',2,56,'CLIENTE',NULL,NULL),(675,'2269','2026-06-14 00:00:00','gina orozco ','3115712137',35000.00,'PAGADO',2,56,'CLIENTE',NULL,NULL),(676,'2267','2026-06-14 00:00:00','katerin flores','3008103777',100000.00,'PAGADO',2,56,'CLIENTE',NULL,NULL),(677,'0821','2026-06-14 00:00:00','nacia','3015467171',30000.00,'PAGADO',1,75,'CLIENTE',NULL,'https://kairos-stylos-storage.sfo3.digitaloceanspaces.com/temp/c1b716ee-d5bf-4b5f-bce1-723091800445.jpg'),(678,'2251','2026-06-14 00:00:00','leidys','3013147645',345000.00,'PAGADO',2,56,'CLIENTE',NULL,NULL),(679,'0813','2026-06-14 00:00:00','laura','3002249758',60000.00,'PAGADO',1,75,'CLIENTE',NULL,'https://kairos-stylos-storage.sfo3.digitaloceanspaces.com/temp/a40c60c7-7be9-4704-af5c-2d52914906b9.jpg'),(680,'0817','2026-06-14 00:00:00','keisy','3202683651',75000.00,'PAGADO',1,75,'CLIENTE',NULL,'https://kairos-stylos-storage.sfo3.digitaloceanspaces.com/temp/c5e2351e-b336-4131-9637-31cf9c308108.jpg'),(681,'0822','2026-06-14 00:00:00','yulieth','3225255588',45000.00,'PAGADO',1,75,'CLIENTE',NULL,NULL),(682,'2262','2026-06-14 00:00:00','leidy escudelo ','3024579028',90000.00,'PAGADO',2,56,'CLIENTE',NULL,NULL),(683,'0809','2026-06-14 00:00:00','karerin','3113679555',105000.00,'PAGADO',1,75,'CLIENTE',NULL,'https://kairos-stylos-storage.sfo3.digitaloceanspaces.com/temp/bdf5232b-6995-4040-acee-011d1180d214.jpg'),(684,'0811','2026-06-14 00:00:00','silvia','3214875698',50000.00,'PAGADO',1,75,'CLIENTE',NULL,NULL),(685,'0814','2026-06-14 00:00:00','andrea','3136052164',55000.00,'PAGADO',1,75,'CLIENTE',NULL,'https://kairos-stylos-storage.sfo3.digitaloceanspaces.com/temp/2e686275-ec51-4e33-89e0-c5762868ef01.jpg'),(686,'0815','2026-06-14 00:00:00','claudia','3145645862',95000.00,'PAGADO',1,75,'CLIENTE',NULL,NULL),(687,'0805','2026-06-14 00:00:00','dayerli','3243535240',200000.00,'PAGADO',1,75,'CLIENTE',NULL,'https://kairos-stylos-storage.sfo3.digitaloceanspaces.com/temp/f54e292a-266b-4350-a8de-8f2f4057c6ab.jpg'),(689,'2270','2026-06-15 00:00:00','iliana echeverria ','3014864092',20000.00,'PAGADO',2,56,'CLIENTE',NULL,NULL),(691,'0818','2026-06-14 00:00:00','eimi','3023114360',205000.00,'PAGADO',1,75,'CLIENTE',NULL,'https://kairos-stylos-storage.sfo3.digitaloceanspaces.com/temp/f947b3a4-cef7-427a-b63d-3e036ba8101f.jpg'),(692,'2271','2026-06-15 00:00:00','maria ','3212765205',40000.00,'PAGADO',2,56,'CLIENTE',NULL,NULL),(693,'0834','2026-06-15 00:00:00','aida','3003214065',15000.00,'PAGADO',1,75,'CLIENTE',NULL,'https://kairos-stylos-storage.sfo3.digitaloceanspaces.com/temp/e86326ae-139c-4eed-bf51-93424a548f94.jpg'),(694,'0831','2026-06-15 00:00:00','keila','3016255085',25000.00,'PAGADO',1,75,'CLIENTE',NULL,'https://kairos-stylos-storage.sfo3.digitaloceanspaces.com/temp/5d6f2a76-cacf-4e91-854d-72d66a5128aa.jpg'),(695,'0823','2026-06-15 00:00:00','isabel','3022360772',70000.00,'PAGADO',1,75,'CLIENTE',NULL,NULL),(696,'0828','2026-06-15 00:00:00','maria','3043554428',40000.00,'PAGADO',1,75,'CLIENTE',NULL,'https://kairos-stylos-storage.sfo3.digitaloceanspaces.com/temp/d6d8ce2e-d7c0-4a0b-910c-fb28a9b5ed40.jpg'),(697,'0832','2026-06-15 00:00:00','angela','3006590295',50000.00,'PAGADO',1,75,'CLIENTE',NULL,'https://kairos-stylos-storage.sfo3.digitaloceanspaces.com/temp/6b79981e-4884-4cd2-86d4-fb68974df105.jpg'),(698,'0830','2026-06-15 00:00:00','shirly','3007280215',30000.00,'PAGADO',1,75,'CLIENTE',NULL,'https://kairos-stylos-storage.sfo3.digitaloceanspaces.com/temp/54155db1-65ab-4b95-88f6-8e8d4f73e8c4.jpg'),(699,'0825','2026-06-15 00:00:00','teresa','3246086715',50000.00,'PAGADO',1,75,'CLIENTE',NULL,'https://kairos-stylos-storage.sfo3.digitaloceanspaces.com/temp/2607583f-8d44-4e9a-bf30-3bc9ca2031ed.jpg'),(700,'2273','2026-06-15 00:00:00','lilibeth herrera ','3002504644',20000.00,'PAGADO',2,56,'CLIENTE',NULL,NULL),(701,'0826','2026-06-15 00:00:00','stefany','30068921844',100000.00,'PAGADO',1,75,'CLIENTE',NULL,NULL),(702,'0839','2026-06-15 00:00:00','anebi','3012842160',15000.00,'PENDIENTE',1,75,'CLIENTE',NULL,NULL),(703,'0827','2026-06-15 00:00:00','yanila','3006773433',35000.00,'PAGADO',1,75,'CLIENTE',NULL,'https://kairos-stylos-storage.sfo3.digitaloceanspaces.com/temp/745f58e6-be82-411e-9d8e-a3e40ae7ac71.jpg');
/*!40000 ALTER TABLE `ks_facturas` ENABLE KEYS */;
UNLOCK TABLES;

--
-- Table structure for table `ks_garantias`
--

DROP TABLE IF EXISTS `ks_garantias`;
/*!40101 SET @saved_cs_client     = @@character_set_client */;
/*!50503 SET character_set_client = utf8mb4 */;
CREATE TABLE `ks_garantias` (
  `ga_idgarantia_pk` int NOT NULL AUTO_INCREMENT,
  `ga_fecha` timestamp NULL DEFAULT CURRENT_TIMESTAMP,
  `ga_valor` decimal(15,2) NOT NULL,
  `fc_idfactura_nueva_fk` int NOT NULL,
  `fd_iddetalle_original_fk` int NOT NULL,
  `tr_idtecnico_original_fk` int NOT NULL,
  PRIMARY KEY (`ga_idgarantia_pk`),
  KEY `fk_garantia_nueva_factura` (`fc_idfactura_nueva_fk`),
  KEY `fk_garantia_detalle_original` (`fd_iddetalle_original_fk`),
  KEY `fk_garantia_tecnico_original` (`tr_idtecnico_original_fk`),
  CONSTRAINT `fk_garantia_detalle_original` FOREIGN KEY (`fd_iddetalle_original_fk`) REFERENCES `ks_factura_detalles` (`FD_IDDETALLE_PK`),
  CONSTRAINT `fk_garantia_nueva_factura` FOREIGN KEY (`fc_idfactura_nueva_fk`) REFERENCES `ks_facturas` (`FC_IDFACTURA_PK`),
  CONSTRAINT `fk_garantia_tecnico_original` FOREIGN KEY (`tr_idtecnico_original_fk`) REFERENCES `ks_trabajadores` (`TR_IDTRABAJADOR_PK`)
) ENGINE=InnoDB AUTO_INCREMENT=2 DEFAULT CHARSET=utf8mb4 COLLATE=utf8mb4_0900_ai_ci;
/*!40101 SET character_set_client = @saved_cs_client */;

--
-- Dumping data for table `ks_garantias`
--

LOCK TABLES `ks_garantias` WRITE;
/*!40000 ALTER TABLE `ks_garantias` DISABLE KEYS */;
INSERT INTO `ks_garantias` VALUES (1,'2026-06-07 21:51:52',100000.00,347,359,43);
/*!40000 ALTER TABLE `ks_garantias` ENABLE KEYS */;
UNLOCK TABLES;

--
-- Table structure for table `ks_gastos`
--

DROP TABLE IF EXISTS `ks_gastos`;
/*!40101 SET @saved_cs_client     = @@character_set_client */;
/*!50503 SET character_set_client = utf8mb4 */;
CREATE TABLE `ks_gastos` (
  `GS_IDGASTO_PK` int NOT NULL AUTO_INCREMENT,
  `GS_CONCEPTO` varchar(255) NOT NULL,
  `GS_DESCRIPCION` varchar(255) DEFAULT NULL,
  `GS_FECHA` datetime NOT NULL,
  `GS_VALOR` decimal(15,2) NOT NULL,
  `SC_IDSUCURSAL_FK` int DEFAULT NULL,
  `gs_comprobantes` json DEFAULT NULL,
  PRIMARY KEY (`GS_IDGASTO_PK`),
  KEY `FK_GASTO_SUCURSAL` (`SC_IDSUCURSAL_FK`),
  CONSTRAINT `FK_GASTO_SUCURSAL` FOREIGN KEY (`SC_IDSUCURSAL_FK`) REFERENCES `ks_sucursales` (`SC_IDSUCURSAL_PK`)
) ENGINE=InnoDB AUTO_INCREMENT=55 DEFAULT CHARSET=latin1;
/*!40101 SET character_set_client = @saved_cs_client */;

--
-- Dumping data for table `ks_gastos`
--

LOCK TABLES `ks_gastos` WRITE;
/*!40000 ALTER TABLE `ks_gastos` DISABLE KEYS */;
INSERT INTO `ks_gastos` VALUES (2,'ORGANIZADORES PARA TINTES Y EFECTOS','','2026-05-28 00:00:00',26000.00,2,NULL),(7,'pago moto paola','','2026-05-28 00:00:00',20000.00,2,NULL),(15,'PAGO MOTO DOMICILIO MAQULLAJE','','2026-05-29 00:00:00',15000.00,2,NULL),(16,'devolucion  a una clienta  ','','2026-05-29 00:00:00',15000.00,2,NULL),(19,'azucar','','2026-05-30 00:00:00',10000.00,1,NULL),(20,'moto olga','','2026-05-30 00:00:00',10000.00,1,NULL),(21,'fidelidad','descuento de fidelidad de la factura 1009','2026-05-30 00:00:00',6500.00,1,NULL),(22,'propina','propina de adriana por tranferencia ','2026-05-30 00:00:00',15000.00,1,NULL),(23,'plata indriver','','2026-05-30 00:00:00',15000.00,NULL,NULL),(24,'perros ','perros para personal','2026-05-30 00:00:00',67000.00,1,NULL),(25,'bolsas para basura ','','2026-05-31 00:00:00',3800.00,2,NULL),(26,'compra de cafe','','2026-06-02 00:00:00',20000.00,NULL,NULL),(27,'pago indriver para llevar la escalera ','','2026-06-03 00:00:00',15000.00,NULL,NULL),(29,'Limpia vidrio','Aseo','2026-06-05 00:00:00',12000.00,1,NULL),(30,'pago idy ','','2026-06-05 00:00:00',230000.00,1,NULL),(31,'camilo','','2026-06-05 00:00:00',50000.00,1,NULL),(32,'para olga','','2026-06-05 00:00:00',130000.00,1,NULL),(34,'Hermana sr Karen','Autorizado por sr Karen','2026-06-06 00:00:00',30000.00,1,NULL),(35,'aguja de micro ligh','','2026-06-06 00:00:00',1500.00,2,NULL),(36,'Transporte de Camilo','','2026-06-07 00:00:00',50000.00,1,NULL),(37,'Blondor','','2026-06-07 00:00:00',30000.00,1,NULL),(38,'Pedtañas volumen ruso punto a punto','Para el negocio','2026-06-08 00:00:00',11000.00,1,NULL),(39,'Bolsa de basuras','','2026-06-08 00:00:00',15700.00,1,NULL),(40,'Pastillas','','2026-06-08 00:00:00',12000.00,1,NULL),(41,'Señora Karen','','2026-06-08 00:00:00',20000.00,1,NULL),(42,'indriver ','maria jose ','2026-06-09 00:00:00',20000.00,1,NULL),(43,'raid para cucaracha','','2026-06-10 00:00:00',16000.00,1,NULL),(44,'tapaboca','','2026-06-10 00:00:00',1000.00,NULL,NULL),(47,'insumos','algodones y bolsas','2026-06-11 00:00:00',42000.00,1,NULL),(48,'tinte que no habia','tinte','2026-06-11 00:00:00',16800.00,1,NULL),(49,'bolsas para papelera ','','2026-06-12 00:00:00',5000.00,2,NULL),(50,'compra de cafe','','2026-06-13 00:00:00',20000.00,NULL,NULL),(51,'bicarbonato y sal','','2026-06-13 00:00:00',4800.00,2,NULL),(52,'pudin y gaseosa','','2026-06-14 00:00:00',53000.00,1,NULL),(53,'una mascarilla y prestamo ala señor karen ','','2026-06-14 00:00:00',9000.00,2,NULL),(54,'caja organizadora para las pestañas ','','2026-06-14 00:00:00',9600.00,2,NULL);
/*!40000 ALTER TABLE `ks_gastos` ENABLE KEYS */;
UNLOCK TABLES;

--
-- Table structure for table `ks_metodos_pago`
--

DROP TABLE IF EXISTS `ks_metodos_pago`;
/*!40101 SET @saved_cs_client     = @@character_set_client */;
/*!50503 SET character_set_client = utf8mb4 */;
CREATE TABLE `ks_metodos_pago` (
  `MP_IDMETODO_PK` int NOT NULL AUTO_INCREMENT,
  `MP_NOMBRE` varchar(50) NOT NULL,
  PRIMARY KEY (`MP_IDMETODO_PK`),
  UNIQUE KEY `MP_NOMBRE` (`MP_NOMBRE`)
) ENGINE=InnoDB AUTO_INCREMENT=7 DEFAULT CHARSET=latin1;
/*!40101 SET character_set_client = @saved_cs_client */;

--
-- Dumping data for table `ks_metodos_pago`
--

LOCK TABLES `ks_metodos_pago` WRITE;
/*!40000 ALTER TABLE `ks_metodos_pago` DISABLE KEYS */;
INSERT INTO `ks_metodos_pago` VALUES (4,'CREDITO'),(3,'DATAFONO'),(2,'EFECTIVO'),(6,'GARANTIA'),(5,'SERVICIO DE TRABAJADOR'),(1,'TRANSFERENCIA');
/*!40000 ALTER TABLE `ks_metodos_pago` ENABLE KEYS */;
UNLOCK TABLES;

--
-- Table structure for table `ks_migraciones`
--

DROP TABLE IF EXISTS `ks_migraciones`;
/*!40101 SET @saved_cs_client     = @@character_set_client */;
/*!50503 SET character_set_client = utf8mb4 */;
CREATE TABLE `ks_migraciones` (
  `MG_IDMIGRACION_PK` int NOT NULL AUTO_INCREMENT,
  `MG_NOMBRE` varchar(255) NOT NULL,
  `MG_FECHA_EJECUCION` timestamp NOT NULL DEFAULT CURRENT_TIMESTAMP,
  PRIMARY KEY (`MG_IDMIGRACION_PK`)
) ENGINE=InnoDB AUTO_INCREMENT=39 DEFAULT CHARSET=latin1;
/*!40101 SET character_set_client = @saved_cs_client */;

--
-- Dumping data for table `ks_migraciones`
--

LOCK TABLES `ks_migraciones` WRITE;
/*!40000 ALTER TABLE `ks_migraciones` DISABLE KEYS */;
INSERT INTO `ks_migraciones` VALUES (1,'000_create_db.sql','2026-03-25 21:27:14'),(2,'001_init.sql','2026-03-25 21:27:14'),(3,'002_create_core_tables.sql','2026-03-25 21:27:14'),(4,'003_create_business_tables.sql','2026-03-25 21:27:15'),(5,'004_create_financial_tables.sql','2026-03-25 21:27:15'),(6,'005_create_operations_tables.sql','2026-03-25 21:27:15'),(7,'006_add_prices_to_catalog.sql','2026-03-25 21:27:15'),(8,'007_seed_initial_data.sql','2026-03-25 21:27:15'),(9,'008_create_clients_table.sql','2026-03-25 21:27:15'),(10,'009_fix_requirements_alignment.sql','2026-03-25 21:27:15'),(11,'010_add_technician_client_fields.sql','2026-03-25 21:27:16'),(12,'011_add_physical_evidence_to_facturas.sql','2026-03-25 21:27:16'),(13,'012_payroll_and_vouchers_enhanced.sql','2026-03-25 21:27:16'),(14,'013_workers_financial_fields_and_config.sql','2026-03-25 21:27:16'),(15,'014_create_credit_abonos.sql','2026-03-25 21:27:16'),(16,'015_add_evidence_to_abonos.sql','2026-03-25 21:27:16'),(17,'016_associate_products_with_services.sql','2026-03-25 21:27:16'),(18,'017_fix_credit_abonos_fk_cascade.sql','2026-03-25 21:27:17'),(19,'018_rename_vales_to_servicios_trabajador.sql','2026-03-25 21:27:17'),(20,'019_create_adelantos_table.sql','2026-03-25 21:27:17'),(21,'020_add_cuotas_to_adelantos.sql','2026-03-25 21:27:17'),(22,'021_add_description_to_gastos.sql','2026-03-25 21:27:17'),(23,'022_add_disbursement_and_repayment_dates_to_adelantos.sql','2026-03-25 21:27:17'),(24,'023_make_adelanto_fecha_nullable.sql','2026-03-25 21:27:17'),(25,'024_rename_cajero_to_admin_punto.sql','2026-03-25 21:27:17'),(26,'025_add_adelantos_deduction_to_nomina.sql','2026-03-25 21:27:17'),(27,'026_alter_solicitudes_productos.sql','2026-03-25 21:27:17'),(28,'027_add_tipo_to_nominas.sql','2026-03-25 21:27:17'),(29,'028_remove_sueldo_base.sql','2026-03-25 21:27:17'),(30,'029_rename_adelantos_to_vales.sql','2026-05-19 22:59:26'),(31,'030_modulate_product_commissions.sql','2026-05-19 22:59:26'),(32,'031_add_comprobantes_to_gastos.sql','2026-05-20 21:08:45'),(33,'032_add_descripcion_to_productos.sql','2026-05-21 13:32:22'),(34,'033_add_sucursal_to_vales.sql','2026-05-21 15:33:12'),(35,'034_add_retirement_fields.sql','2026-06-01 13:32:54'),(36,'035_create_nomina_vales_table.sql','2026-06-01 15:08:30'),(37,'036_create_garantias_table.sql','2026-06-04 02:34:00'),(38,'037_add_propina_to_factura_detalles.sql','2026-06-06 20:38:13');
/*!40000 ALTER TABLE `ks_migraciones` ENABLE KEYS */;
UNLOCK TABLES;

--
-- Table structure for table `ks_nomina_config`
--

DROP TABLE IF EXISTS `ks_nomina_config`;
/*!40101 SET @saved_cs_client     = @@character_set_client */;
/*!50503 SET character_set_client = utf8mb4 */;
CREATE TABLE `ks_nomina_config` (
  `NC_IDCONFIG_PK` int NOT NULL AUTO_INCREMENT,
  `NC_PORCENTAJE_SERVICIO` decimal(5,2) DEFAULT '50.00',
  `NC_FECHA_INICIO` date NOT NULL,
  `NC_FECHA_CREACION` timestamp NOT NULL DEFAULT CURRENT_TIMESTAMP,
  PRIMARY KEY (`NC_IDCONFIG_PK`),
  KEY `IDX_NOMINA_CONFIG_FECHA` (`NC_FECHA_INICIO`)
) ENGINE=InnoDB AUTO_INCREMENT=3 DEFAULT CHARSET=latin1;
/*!40101 SET character_set_client = @saved_cs_client */;

--
-- Dumping data for table `ks_nomina_config`
--

LOCK TABLES `ks_nomina_config` WRITE;
/*!40000 ALTER TABLE `ks_nomina_config` DISABLE KEYS */;
/*!40000 ALTER TABLE `ks_nomina_config` ENABLE KEYS */;
UNLOCK TABLES;

--
-- Table structure for table `ks_nomina_detalles`
--

DROP TABLE IF EXISTS `ks_nomina_detalles`;
/*!40101 SET @saved_cs_client     = @@character_set_client */;
/*!50503 SET character_set_client = utf8mb4 */;
CREATE TABLE `ks_nomina_detalles` (
  `ND_IDDETALLE_PK` int NOT NULL AUTO_INCREMENT,
  `ND_BASE` decimal(15,2) DEFAULT '0.00',
  `ND_COMISIONES` decimal(15,2) DEFAULT '0.00',
  `ND_BONOS` decimal(15,2) DEFAULT '0.00',
  `ND_DEDUCCIONES_SERVICIOS_TRABAJADOR` decimal(15,2) DEFAULT '0.00',
  `nd_deducciones_vales` decimal(15,2) DEFAULT '0.00',
  `nd_deducciones_garantias` decimal(15,2) DEFAULT '0.00',
  `ND_TOTAL_NETO` decimal(15,2) NOT NULL,
  `NM_IDNOMINA_FK` int NOT NULL,
  `TR_IDTRABAJADOR_FK` int NOT NULL,
  PRIMARY KEY (`ND_IDDETALLE_PK`),
  KEY `FK_ND_NOMINA` (`NM_IDNOMINA_FK`),
  KEY `FK_ND_TRABAJADOR` (`TR_IDTRABAJADOR_FK`),
  CONSTRAINT `FK_ND_NOMINA` FOREIGN KEY (`NM_IDNOMINA_FK`) REFERENCES `ks_nominas` (`NM_IDNOMINA_PK`) ON DELETE CASCADE,
  CONSTRAINT `FK_ND_TRABAJADOR` FOREIGN KEY (`TR_IDTRABAJADOR_FK`) REFERENCES `ks_trabajadores` (`TR_IDTRABAJADOR_PK`)
) ENGINE=InnoDB AUTO_INCREMENT=99 DEFAULT CHARSET=latin1;
/*!40101 SET character_set_client = @saved_cs_client */;

--
-- Dumping data for table `ks_nomina_detalles`
--

LOCK TABLES `ks_nomina_detalles` WRITE;
/*!40000 ALTER TABLE `ks_nomina_detalles` DISABLE KEYS */;
INSERT INTO `ks_nomina_detalles` VALUES (72,0.00,110000.00,0.00,0.00,0.00,0.00,110000.00,5,40),(73,0.00,17500.00,0.00,0.00,0.00,0.00,17500.00,5,41),(74,0.00,97500.00,0.00,0.00,0.00,0.00,97500.00,5,42),(75,0.00,187500.00,0.00,0.00,0.00,0.00,187500.00,5,43),(76,0.00,72500.00,0.00,0.00,0.00,0.00,72500.00,5,44),(77,0.00,212500.00,0.00,0.00,0.00,0.00,212500.00,5,45),(78,0.00,0.00,0.00,0.00,0.00,0.00,0.00,5,46),(79,0.00,200000.00,0.00,0.00,0.00,0.00,200000.00,5,47),(80,0.00,197500.00,0.00,0.00,0.00,0.00,197500.00,5,48),(81,0.00,190000.00,0.00,0.00,0.00,0.00,190000.00,5,49),(82,0.00,67500.00,0.00,0.00,0.00,0.00,67500.00,5,50),(83,0.00,107500.00,0.00,0.00,0.00,0.00,107500.00,5,51),(84,0.00,102500.00,0.00,0.00,0.00,0.00,102500.00,5,52),(85,0.00,245000.00,0.00,0.00,0.00,0.00,245000.00,5,53),(86,0.00,117500.00,0.00,0.00,0.00,0.00,117500.00,5,54),(87,0.00,95000.00,0.00,0.00,0.00,0.00,95000.00,5,57),(88,0.00,42500.00,0.00,0.00,0.00,0.00,42500.00,5,58),(89,0.00,52500.00,0.00,0.00,0.00,0.00,52500.00,5,59),(90,0.00,197500.00,0.00,0.00,0.00,0.00,197500.00,5,60),(91,0.00,155000.00,0.00,0.00,0.00,0.00,155000.00,5,61),(92,0.00,185000.00,0.00,0.00,0.00,0.00,185000.00,5,62),(93,0.00,75000.00,0.00,0.00,0.00,0.00,75000.00,5,63),(94,0.00,75000.00,0.00,0.00,0.00,0.00,75000.00,5,64),(95,0.00,17500.00,0.00,0.00,0.00,0.00,17500.00,5,65),(96,0.00,20000.00,0.00,0.00,0.00,0.00,20000.00,5,67),(98,0.00,100000.00,0.00,0.00,220000.00,0.00,-120000.00,7,48);
/*!40000 ALTER TABLE `ks_nomina_detalles` ENABLE KEYS */;
UNLOCK TABLES;

--
-- Table structure for table `ks_nomina_vales`
--

DROP TABLE IF EXISTS `ks_nomina_vales`;
/*!40101 SET @saved_cs_client     = @@character_set_client */;
/*!50503 SET character_set_client = utf8mb4 */;
CREATE TABLE `ks_nomina_vales` (
  `nv_idnomina_vale_pk` int NOT NULL AUTO_INCREMENT,
  `nm_idnomina_fk` int NOT NULL,
  `vl_idvale_pk` int NOT NULL,
  `nv_monto_descontado` decimal(15,2) NOT NULL,
  `nv_fecha_descuento` timestamp NULL DEFAULT CURRENT_TIMESTAMP,
  PRIMARY KEY (`nv_idnomina_vale_pk`),
  KEY `fk_nomina_vale_nomina` (`nm_idnomina_fk`),
  KEY `fk_nomina_vale_vale` (`vl_idvale_pk`),
  CONSTRAINT `fk_nomina_vale_nomina` FOREIGN KEY (`nm_idnomina_fk`) REFERENCES `ks_nominas` (`NM_IDNOMINA_PK`) ON DELETE CASCADE,
  CONSTRAINT `fk_nomina_vale_vale` FOREIGN KEY (`vl_idvale_pk`) REFERENCES `ks_vales` (`vl_idvale_pk`) ON DELETE CASCADE
) ENGINE=InnoDB AUTO_INCREMENT=5 DEFAULT CHARSET=utf8mb4 COLLATE=utf8mb4_0900_ai_ci;
/*!40101 SET character_set_client = @saved_cs_client */;

--
-- Dumping data for table `ks_nomina_vales`
--

LOCK TABLES `ks_nomina_vales` WRITE;
/*!40000 ALTER TABLE `ks_nomina_vales` DISABLE KEYS */;
INSERT INTO `ks_nomina_vales` VALUES (3,7,5,120000.00,'2026-06-15 18:24:34'),(4,7,9,100000.00,'2026-06-15 18:24:34');
/*!40000 ALTER TABLE `ks_nomina_vales` ENABLE KEYS */;
UNLOCK TABLES;

--
-- Table structure for table `ks_nominas`
--

DROP TABLE IF EXISTS `ks_nominas`;
/*!40101 SET @saved_cs_client     = @@character_set_client */;
/*!50503 SET character_set_client = utf8mb4 */;
CREATE TABLE `ks_nominas` (
  `NM_IDNOMINA_PK` int NOT NULL AUTO_INCREMENT,
  `NM_TIPO` varchar(50) DEFAULT 'TECNICO',
  `NM_FECHA_INICIO` date NOT NULL,
  `NM_FECHA_FIN` date NOT NULL,
  `NM_TOTAL_PAGADO` decimal(15,2) DEFAULT '0.00',
  `NM_ESTADO` enum('PROCESANDO','CERRADA','CONFIRMADA','ANULADA') DEFAULT 'PROCESANDO',
  `NM_FECHA_CIERRE` datetime DEFAULT NULL,
  `NM_FECHA_CREACION` timestamp NOT NULL DEFAULT CURRENT_TIMESTAMP,
  PRIMARY KEY (`NM_IDNOMINA_PK`),
  KEY `IDX_NOMINA_FECHAS` (`NM_FECHA_INICIO`,`NM_FECHA_FIN`),
  KEY `IDX_NOMINA_ESTADO` (`NM_ESTADO`),
  KEY `IDX_NOMINA_TIPO` (`NM_TIPO`)
) ENGINE=InnoDB AUTO_INCREMENT=8 DEFAULT CHARSET=latin1;
/*!40101 SET character_set_client = @saved_cs_client */;

--
-- Dumping data for table `ks_nominas`
--

LOCK TABLES `ks_nominas` WRITE;
/*!40000 ALTER TABLE `ks_nominas` DISABLE KEYS */;
INSERT INTO `ks_nominas` VALUES (5,'TECNICO','2026-05-24','2026-05-30',2840000.00,'CONFIRMADA','2026-05-30 20:02:20','2026-05-30 20:02:05'),(7,'RETIRO','2026-05-29','2026-06-01',-120000.00,'CONFIRMADA','2026-06-15 18:24:34','2026-06-15 18:24:34');
/*!40000 ALTER TABLE `ks_nominas` ENABLE KEYS */;
UNLOCK TABLES;

--
-- Table structure for table `ks_pagos_factura`
--

DROP TABLE IF EXISTS `ks_pagos_factura`;
/*!40101 SET @saved_cs_client     = @@character_set_client */;
/*!50503 SET character_set_client = utf8mb4 */;
CREATE TABLE `ks_pagos_factura` (
  `PF_IDPAGO_PK` int NOT NULL AUTO_INCREMENT,
  `PF_VALOR` decimal(15,2) NOT NULL,
  `PF_EVIDENCIA_URL` varchar(255) DEFAULT NULL,
  `FC_IDFACTURA_FK` int NOT NULL,
  `MP_IDMETODO_FK` int NOT NULL,
  PRIMARY KEY (`PF_IDPAGO_PK`),
  KEY `FK_PAGO_FACTURA` (`FC_IDFACTURA_FK`),
  KEY `FK_PAGO_METODO` (`MP_IDMETODO_FK`),
  CONSTRAINT `FK_PAGO_FACTURA` FOREIGN KEY (`FC_IDFACTURA_FK`) REFERENCES `ks_facturas` (`FC_IDFACTURA_PK`),
  CONSTRAINT `FK_PAGO_METODO` FOREIGN KEY (`MP_IDMETODO_FK`) REFERENCES `ks_metodos_pago` (`MP_IDMETODO_PK`)
) ENGINE=InnoDB AUTO_INCREMENT=728 DEFAULT CHARSET=latin1;
/*!40101 SET character_set_client = @saved_cs_client */;

--
-- Dumping data for table `ks_pagos_factura`
--

LOCK TABLES `ks_pagos_factura` WRITE;
/*!40000 ALTER TABLE `ks_pagos_factura` DISABLE KEYS */;
INSERT INTO `ks_pagos_factura` VALUES (2,35000.00,NULL,2,2),(3,80000.00,'https://kairos-stylos-storage.sfo3.digitaloceanspaces.com/temp/cc9fdf18-cb38-48f3-8bf0-714a98966373.jpg',3,1),(4,30000.00,'https://kairos-stylos-storage.sfo3.digitaloceanspaces.com/temp/6fb7fae2-026d-46ee-a4ff-86f3d9ead9ae.jpg',4,1),(5,70000.00,NULL,5,2),(6,20000.00,'https://kairos-stylos-storage.sfo3.digitaloceanspaces.com/temp/1181c45e-2be3-415d-ab41-acde9a6fc072.jpg',6,1),(7,70000.00,NULL,7,2),(8,115000.00,NULL,8,2),(9,30000.00,'https://kairos-stylos-storage.sfo3.digitaloceanspaces.com/temp/0d310c35-66af-410c-822a-3048ee108788.jpg',9,1),(10,70000.00,NULL,10,2),(11,160000.00,'https://kairos-stylos-storage.sfo3.digitaloceanspaces.com/temp/0de87725-6752-42ee-8f07-0017815f93fb.jpg',11,1),(12,105000.00,'https://kairos-stylos-storage.sfo3.digitaloceanspaces.com/temp/37381ce6-4c9f-4980-a999-2636c5a7b6a6.jpg',12,1),(13,40000.00,'https://kairos-stylos-storage.sfo3.digitaloceanspaces.com/temp/d3eb3c02-96bb-4eba-9938-89c2cf315341.jpg',13,1),(14,60000.00,'https://kairos-stylos-storage.sfo3.digitaloceanspaces.com/temp/2ab3e151-ba50-4d6e-beb8-6f0142be952e.jpg',14,1),(16,20000.00,'https://kairos-stylos-storage.sfo3.digitaloceanspaces.com/temp/bbfab30d-2c1c-41d8-9e42-75df80b40052.jpg',16,1),(17,50000.00,'https://kairos-stylos-storage.sfo3.digitaloceanspaces.com/temp/9a9e10cc-5d39-42b7-966b-3da07511133d.jpg',17,1),(18,10000.00,'https://kairos-stylos-storage.sfo3.digitaloceanspaces.com/temp/977a3158-92a3-47c9-88a0-d9b4e81289dc.jpg',18,1),(19,45000.00,'https://kairos-stylos-storage.sfo3.digitaloceanspaces.com/temp/44610dfa-366b-4b4e-a765-004a2c6a04a8.jpg',19,1),(20,135000.00,'https://kairos-stylos-storage.sfo3.digitaloceanspaces.com/temp/4649e87a-f670-4752-9a9d-b2c8407f64f2.jpg',20,1),(21,65000.00,'https://kairos-stylos-storage.sfo3.digitaloceanspaces.com/temp/4b4bfdad-a058-47b4-a377-d81610f7412b.jpg',21,1),(22,60000.00,NULL,22,2),(23,55000.00,'https://kairos-stylos-storage.sfo3.digitaloceanspaces.com/temp/1050a9af-ee44-4c86-b2e8-fdf2ca762863.jpg',23,1),(24,25000.00,'https://kairos-stylos-storage.sfo3.digitaloceanspaces.com/temp/4fe2295e-bba0-43e8-b752-02c7856d56cd.jpg',24,1),(25,60000.00,'https://kairos-stylos-storage.sfo3.digitaloceanspaces.com/temp/966be3e9-0a96-4ea4-9b31-785b4a8fdeb3.jpg',25,1),(26,75000.00,NULL,26,2),(27,40000.00,NULL,27,2),(28,35000.00,NULL,28,2),(29,35000.00,'https://kairos-stylos-storage.sfo3.digitaloceanspaces.com/temp/34575c5a-6ca7-459e-82d6-407020fce0c7.jpg',29,1),(30,105000.00,NULL,30,2),(31,55000.00,'https://kairos-stylos-storage.sfo3.digitaloceanspaces.com/temp/d255f50e-864f-4acb-a0c5-dd93d9a42b86.jpg',31,1),(32,50000.00,'https://kairos-stylos-storage.sfo3.digitaloceanspaces.com/temp/db4b191e-1e55-4fbc-b27c-77b45fe50883.jpg',32,1),(33,100000.00,'https://kairos-stylos-storage.sfo3.digitaloceanspaces.com/temp/9e1dc0a5-b488-4c40-8348-f428a3683cc7.jpg',33,1),(35,160000.00,'https://kairos-stylos-storage.sfo3.digitaloceanspaces.com/temp/e3921fcf-7150-4fed-9aff-2c15d849de4c.jpg',35,1),(36,5000.00,NULL,36,2),(38,50000.00,'https://kairos-stylos-storage.sfo3.digitaloceanspaces.com/temp/5fadc916-5cb5-4584-b3d3-dac238297b8b.jpg',38,1),(39,15000.00,NULL,39,2),(40,40000.00,'https://kairos-stylos-storage.sfo3.digitaloceanspaces.com/temp/03a5dafd-bb99-41bc-8314-c454615df786.jpg',40,1),(42,140000.00,'https://kairos-stylos-storage.sfo3.digitaloceanspaces.com/temp/7d50d600-b6aa-4a59-b1c9-437e9e2990dc.jpg',42,1),(43,95000.00,'https://kairos-stylos-storage.sfo3.digitaloceanspaces.com/temp/2b6c1b03-a62d-4f04-9550-9b71abc3ec5a.jpg',43,1),(44,85000.00,'https://kairos-stylos-storage.sfo3.digitaloceanspaces.com/temp/77d07eb6-e0c9-4606-ac0a-ab1403d955c4.jpg',44,1),(45,50000.00,NULL,45,2),(46,40000.00,'https://kairos-stylos-storage.sfo3.digitaloceanspaces.com/temp/d68ecc12-d22c-4922-8201-706b8b1cea8a.jpg',46,1),(47,50000.00,'https://kairos-stylos-storage.sfo3.digitaloceanspaces.com/temp/38c60793-bec2-456a-9fe9-f4093e22ab99.jpg',47,1),(48,30000.00,NULL,47,2),(49,170000.00,'https://kairos-stylos-storage.sfo3.digitaloceanspaces.com/temp/635e01c8-9321-400f-8200-79a6d6db1f78.jpg',48,1),(50,15000.00,'https://kairos-stylos-storage.sfo3.digitaloceanspaces.com/temp/1f40d5d8-e972-45dc-9224-0378c21a6ce9.jpg',49,1),(51,20000.00,NULL,49,2),(52,15000.00,'https://kairos-stylos-storage.sfo3.digitaloceanspaces.com/temp/f5d9292d-ff82-4efa-8733-df1fda5f1753.jpg',50,1),(53,20000.00,NULL,50,2),(54,185000.00,NULL,51,2),(55,80000.00,'https://kairos-stylos-storage.sfo3.digitaloceanspaces.com/temp/0e6da1ea-18b9-44e7-92de-e94c43693c45.jpg',52,1),(56,30000.00,NULL,53,2),(57,35000.00,NULL,54,2),(58,105000.00,'https://kairos-stylos-storage.sfo3.digitaloceanspaces.com/temp/783931c7-2659-4baf-b01b-d2b9e7517c4b.jpg',55,1),(59,155000.00,NULL,56,2),(60,65000.00,'https://kairos-stylos-storage.sfo3.digitaloceanspaces.com/temp/79a71293-9254-43c8-9c7f-a5c94a92af0d.jpg',57,1),(61,75000.00,'https://kairos-stylos-storage.sfo3.digitaloceanspaces.com/temp/5677adec-cbd0-421c-8ecd-dc90354808da.jpg',58,1),(62,130000.00,NULL,59,2),(63,25000.00,NULL,60,2),(64,25000.00,NULL,61,2),(65,20000.00,NULL,62,2),(66,100000.00,NULL,63,2),(67,445000.00,'https://kairos-stylos-storage.sfo3.digitaloceanspaces.com/temp/b7265dd0-2a01-4200-af05-ad850085c792.jpg',64,1),(68,35000.00,'https://kairos-stylos-storage.sfo3.digitaloceanspaces.com/temp/580d53f0-09fa-40ed-82f0-e1a92762f0e7.jpg',65,1),(69,15000.00,'https://kairos-stylos-storage.sfo3.digitaloceanspaces.com/temp/7b5bab2b-6224-4959-a659-d42c8088e985.jpg',66,1),(70,35000.00,'https://kairos-stylos-storage.sfo3.digitaloceanspaces.com/temp/b1023bfb-5130-401b-8b09-3e3606e36e87.jpg',67,1),(71,30000.00,'https://kairos-stylos-storage.sfo3.digitaloceanspaces.com/temp/a31decdc-de1b-4636-999a-33cdfce12476.jpg',68,1),(73,35000.00,NULL,70,2),(74,140000.00,'https://kairos-stylos-storage.sfo3.digitaloceanspaces.com/temp/70cb2d16-b794-4874-9d42-2dc8a42c644e.jpg',71,1),(75,55000.00,'https://kairos-stylos-storage.sfo3.digitaloceanspaces.com/temp/b17b0301-10d7-490a-9d8a-6083d267f907.jpg',72,1),(76,80000.00,'https://kairos-stylos-storage.sfo3.digitaloceanspaces.com/temp/a398c588-3c4e-4363-b083-dd9dc7175597.jpg',73,1),(77,15000.00,'https://kairos-stylos-storage.sfo3.digitaloceanspaces.com/temp/823689fe-0834-4ccf-b4a1-d1d23cde7be8.jpg',74,1),(78,45000.00,'https://kairos-stylos-storage.sfo3.digitaloceanspaces.com/temp/87f2b6f1-1970-43dd-8ca7-ab9cab8705cb.jpg',75,1),(79,80000.00,'https://kairos-stylos-storage.sfo3.digitaloceanspaces.com/temp/d4523808-d185-4578-ba6e-8dbaedc584f1.jpg',76,1),(80,30000.00,NULL,77,2),(81,60000.00,'https://kairos-stylos-storage.sfo3.digitaloceanspaces.com/temp/52d13012-96a1-4dcb-9620-ec12de0b5119.jpg',78,1),(82,80000.00,'https://kairos-stylos-storage.sfo3.digitaloceanspaces.com/temp/299a7238-65be-4f40-ac38-86049b892d88.jpg',79,1),(83,70000.00,'https://kairos-stylos-storage.sfo3.digitaloceanspaces.com/temp/a948af2d-bdfe-41e6-90b8-dbe13f9627b6.jpg',80,1),(84,30000.00,NULL,81,2),(85,95000.00,'https://kairos-stylos-storage.sfo3.digitaloceanspaces.com/temp/67563a6b-ca30-447c-9a60-a39c83b7bc1d.jpg',82,1),(86,65000.00,'https://kairos-stylos-storage.sfo3.digitaloceanspaces.com/temp/aac782e5-bc31-483a-9d3f-0a23ba58804e.jpg',83,1),(87,115000.00,'https://kairos-stylos-storage.sfo3.digitaloceanspaces.com/temp/750c34fd-3325-4d77-acfb-67b312218e2d.jpg',84,1),(88,70000.00,'https://kairos-stylos-storage.sfo3.digitaloceanspaces.com/temp/948ef60a-b8f4-4698-8893-6149c559dd49.jpg',85,1),(89,70000.00,'https://kairos-stylos-storage.sfo3.digitaloceanspaces.com/temp/f81d6114-e9e3-4fda-a7b5-faa4d2f19496.jpg',86,1),(90,25000.00,NULL,87,2),(91,60000.00,'https://kairos-stylos-storage.sfo3.digitaloceanspaces.com/temp/9587e1c9-0aea-41b1-b757-7aac9c3c521d.jpg',88,1),(92,25000.00,'https://kairos-stylos-storage.sfo3.digitaloceanspaces.com/temp/d6c660fb-5368-4941-8fd9-751a553e6cd3.jpg',89,1),(93,120000.00,'https://kairos-stylos-storage.sfo3.digitaloceanspaces.com/temp/f3e4d9e4-08af-47e1-980a-48477182e1cb.jpg',90,1),(94,20000.00,NULL,91,2),(95,100000.00,'https://kairos-stylos-storage.sfo3.digitaloceanspaces.com/temp/74cb374a-8924-4569-b781-903fcf977c76.jpg',92,1),(96,140000.00,'https://kairos-stylos-storage.sfo3.digitaloceanspaces.com/temp/625ded9a-00e0-40d6-ab24-7724293f11a6.jpg',93,1),(97,20000.00,'https://kairos-stylos-storage.sfo3.digitaloceanspaces.com/temp/6e596616-5c35-457e-971a-bc54af2b5729.jpg',94,1),(98,115000.00,'https://kairos-stylos-storage.sfo3.digitaloceanspaces.com/temp/a16ee5b6-9c68-4132-9b51-fee5ef344031.jpg',95,1),(99,20000.00,'https://kairos-stylos-storage.sfo3.digitaloceanspaces.com/temp/e58cbabc-6429-4dc4-9275-45a08f8a194c.jpg',96,1),(100,50000.00,NULL,97,5),(102,80000.00,NULL,99,2),(103,25000.00,'https://kairos-stylos-storage.sfo3.digitaloceanspaces.com/temp/49ae049c-3ea5-4581-a8ed-5d6fc146384a.jpg',100,1),(104,80000.00,'https://kairos-stylos-storage.sfo3.digitaloceanspaces.com/temp/452c0abc-5142-456c-b034-cc0cd42bda8a.jpg',101,1),(105,70000.00,'https://kairos-stylos-storage.sfo3.digitaloceanspaces.com/temp/af0c19e6-305f-4b85-a0bc-c2245ebdf108.jpg',102,1),(106,80000.00,'https://kairos-stylos-storage.sfo3.digitaloceanspaces.com/temp/ca884a60-adcb-4815-bc52-508313857a75.jpg',103,1),(107,100000.00,'https://kairos-stylos-storage.sfo3.digitaloceanspaces.com/temp/0ad957bc-60cc-4ac9-9b2f-40b31080b439.jpg',104,1),(108,25000.00,'https://kairos-stylos-storage.sfo3.digitaloceanspaces.com/temp/ff0f0593-6d7b-4d90-a955-d9269339dd78.jpg',105,1),(109,60000.00,'https://kairos-stylos-storage.sfo3.digitaloceanspaces.com/temp/257fd1e5-b948-46f5-a21c-0e70b8932219.jpg',106,1),(110,450000.00,'https://kairos-stylos-storage.sfo3.digitaloceanspaces.com/temp/1d318a9e-3e87-49c4-80e5-a850feb08d42.jpg',107,1),(112,10000.00,NULL,109,2),(113,45000.00,NULL,110,2),(114,25000.00,NULL,111,2),(115,15000.00,'https://kairos-stylos-storage.sfo3.digitaloceanspaces.com/temp/c1b0fb39-bbb0-44ad-8c57-998b059673bf.jpg',112,1),(116,70000.00,'https://kairos-stylos-storage.sfo3.digitaloceanspaces.com/temp/8fd5695e-d3f4-41b5-806c-2279be9007b0.jpg',113,1),(117,25000.00,NULL,114,2),(118,85000.00,'https://kairos-stylos-storage.sfo3.digitaloceanspaces.com/temp/f8bce9f3-7fe6-4dba-bcb3-9e48e1c31ff7.jpg',115,1),(119,10000.00,'https://kairos-stylos-storage.sfo3.digitaloceanspaces.com/temp/00072837-36cc-4006-848e-cc808fbae27a.jpg',116,1),(120,30000.00,NULL,117,2),(121,5000.00,NULL,118,2),(122,120000.00,'https://kairos-stylos-storage.sfo3.digitaloceanspaces.com/temp/92a6182d-11d6-4ed1-ab56-31d02a6c9472.jpg',119,1),(123,25000.00,'https://kairos-stylos-storage.sfo3.digitaloceanspaces.com/temp/3821cb9f-5be3-4417-87ac-c54b4c284a69.jpg',120,1),(124,25000.00,'https://kairos-stylos-storage.sfo3.digitaloceanspaces.com/temp/d68f3715-9a96-4992-8d01-aacadd33b88b.jpg',121,1),(125,20000.00,NULL,122,2),(126,15000.00,NULL,123,2),(127,105000.00,NULL,124,2),(128,105000.00,'https://kairos-stylos-storage.sfo3.digitaloceanspaces.com/temp/b5237f47-04b4-45cf-8e36-476e5ec57aae.jpg',125,1),(129,100000.00,NULL,126,2),(130,80000.00,NULL,127,2),(131,30000.00,NULL,128,2),(132,5000.00,'https://kairos-stylos-storage.sfo3.digitaloceanspaces.com/temp/041a44b7-b097-4cfd-b164-bd5cd4321b8a.jpg',129,1),(133,100000.00,NULL,129,2),(134,35000.00,'https://kairos-stylos-storage.sfo3.digitaloceanspaces.com/temp/9ebcee21-516b-4d55-b27c-1e54fb971775.jpg',130,1),(135,35000.00,'https://kairos-stylos-storage.sfo3.digitaloceanspaces.com/temp/02797fe5-e930-452e-90c6-8f37b893f594.jpg',131,1),(136,5000.00,'https://kairos-stylos-storage.sfo3.digitaloceanspaces.com/temp/31c2a14a-eac6-45a2-8d0a-4478d8a781db.jpg',132,1),(137,80000.00,NULL,132,2),(138,30000.00,'https://kairos-stylos-storage.sfo3.digitaloceanspaces.com/temp/6fb3e0ae-b089-4659-bfce-3c50de9bea8e.jpg',133,1),(139,180000.00,NULL,134,2),(140,30000.00,NULL,135,2),(141,201000.00,'https://kairos-stylos-storage.sfo3.digitaloceanspaces.com/temp/107082e8-2e60-436a-bda2-b50ba6cdf531.jpg',136,1),(142,75000.00,'https://kairos-stylos-storage.sfo3.digitaloceanspaces.com/temp/dc0fa15e-5bb4-4b82-a21e-ffb2a11a3f93.jpg',137,1),(143,65000.00,'https://kairos-stylos-storage.sfo3.digitaloceanspaces.com/temp/072f98aa-5cb2-42d3-a4b8-27c7418c093a.jpg',138,1),(144,130000.00,'https://kairos-stylos-storage.sfo3.digitaloceanspaces.com/temp/c9fc80b8-30a6-4680-bc58-51255ced093b.jpg',139,1),(145,35000.00,NULL,140,2),(146,120000.00,'https://kairos-stylos-storage.sfo3.digitaloceanspaces.com/temp/1f37103c-2fdb-4aa0-b327-d5a63a185964.jpg',141,1),(147,65000.00,'https://kairos-stylos-storage.sfo3.digitaloceanspaces.com/temp/14586463-b684-48df-816a-2c0f113afe7c.jpg',142,1),(148,110000.00,'https://kairos-stylos-storage.sfo3.digitaloceanspaces.com/temp/0e3ae7b7-cd25-4607-898a-dd76cc10b7c8.jpg',143,1),(149,220000.00,'https://kairos-stylos-storage.sfo3.digitaloceanspaces.com/temp/827df63b-61c9-4542-a7cd-8c3d3b9ce592.jpg',144,1),(150,50000.00,NULL,145,2),(151,60000.00,'https://kairos-stylos-storage.sfo3.digitaloceanspaces.com/temp/73525c5c-ef40-4f76-b602-29550ab5f7a2.jpg',146,1),(152,60000.00,NULL,147,2),(153,180000.00,'https://kairos-stylos-storage.sfo3.digitaloceanspaces.com/temp/378d6a9f-2172-422c-a432-c2f300196d94.jpg',148,1),(154,80000.00,'https://kairos-stylos-storage.sfo3.digitaloceanspaces.com/temp/111b4133-1e57-4348-a098-372df494b2dc.jpg',149,1),(155,75000.00,NULL,150,2),(156,90000.00,'https://kairos-stylos-storage.sfo3.digitaloceanspaces.com/temp/32e8b6b7-ba1f-4bf1-8741-28d8b5968caf.jpg',151,1),(157,155000.00,'https://kairos-stylos-storage.sfo3.digitaloceanspaces.com/temp/7c5628c6-66c2-429e-992e-0b710f04c4ae.jpg',152,1),(158,45000.00,'https://kairos-stylos-storage.sfo3.digitaloceanspaces.com/temp/d7b29045-aadc-4afa-a877-8e7f21c9f314.jpg',153,1),(159,170000.00,'https://kairos-stylos-storage.sfo3.digitaloceanspaces.com/temp/979a78f9-5ee3-469c-ab6f-424245edbfd9.jpg',154,1),(160,70000.00,NULL,155,2),(161,55000.00,NULL,156,2),(162,125000.00,NULL,157,2),(163,110000.00,'https://kairos-stylos-storage.sfo3.digitaloceanspaces.com/temp/346bc981-4213-47d1-8faf-acd76173be2c.jpg',158,1),(164,110000.00,'https://kairos-stylos-storage.sfo3.digitaloceanspaces.com/temp/fc2b4eed-2f93-4f1f-a137-009a890a464a.jpg',159,1),(165,105000.00,NULL,160,2),(166,20000.00,NULL,161,2),(167,20000.00,'https://kairos-stylos-storage.sfo3.digitaloceanspaces.com/temp/9a382656-0592-4c9e-a085-c64cc050d08e.jpg',162,1),(168,65000.00,'https://kairos-stylos-storage.sfo3.digitaloceanspaces.com/temp/e99e85ad-92a2-422e-a834-d5558eab0b0b.jpg',163,1),(169,70000.00,'https://kairos-stylos-storage.sfo3.digitaloceanspaces.com/temp/cf26fe71-b4bf-4169-a1d9-7d79c7065906.jpg',164,1),(170,25000.00,'https://kairos-stylos-storage.sfo3.digitaloceanspaces.com/temp/1de5495d-1b0f-4ab6-95a1-7574cc0f1d15.jpg',165,1),(171,35000.00,'https://kairos-stylos-storage.sfo3.digitaloceanspaces.com/temp/df4d7717-b0ec-4b89-bdb2-3be0e2ed6e7d.jpg',166,1),(172,100000.00,'https://kairos-stylos-storage.sfo3.digitaloceanspaces.com/temp/31a4fcef-05d5-47f3-ae1b-dad39366d959.jpg',167,1),(173,70000.00,'https://kairos-stylos-storage.sfo3.digitaloceanspaces.com/temp/cce32fc8-c2c9-4413-a81b-52895f7665c9.jpg',168,1),(174,90000.00,'https://kairos-stylos-storage.sfo3.digitaloceanspaces.com/temp/a049d959-2782-4b27-8abf-86bca274adf5.jpg',169,1),(175,35000.00,'https://kairos-stylos-storage.sfo3.digitaloceanspaces.com/temp/30aef797-f510-4499-abab-8b1bea428066.jpg',170,1),(176,35000.00,NULL,171,2),(177,20000.00,NULL,172,2),(178,35000.00,NULL,173,2),(179,55000.00,'https://kairos-stylos-storage.sfo3.digitaloceanspaces.com/temp/fdeeea74-7662-497f-9538-23830ce05fc1.jpg',174,1),(180,75000.00,'https://kairos-stylos-storage.sfo3.digitaloceanspaces.com/temp/0c436424-c5a2-4622-a75c-95fc6249c3c4.jpg',175,1),(181,55000.00,'https://kairos-stylos-storage.sfo3.digitaloceanspaces.com/temp/a5756498-b2d3-4321-a5e0-087c949b5a36.jpg',176,1),(182,50000.00,'https://kairos-stylos-storage.sfo3.digitaloceanspaces.com/temp/b9b187bc-8761-47bc-9014-da87fb85ee77.jpg',177,1),(183,21000.00,'https://kairos-stylos-storage.sfo3.digitaloceanspaces.com/temp/242dd1ac-caa1-4fba-8f1c-1dbc9725b5f1.jpg',178,1),(184,29000.00,NULL,178,2),(185,50000.00,NULL,179,2),(186,210000.00,'https://kairos-stylos-storage.sfo3.digitaloceanspaces.com/temp/9d79dc98-08ff-41a5-b632-6597f64a310c.jpg',180,1),(187,50000.00,'https://kairos-stylos-storage.sfo3.digitaloceanspaces.com/temp/49cb6e94-6fdb-42ed-b490-b14bd19dfba6.jpg',181,1),(188,55000.00,'https://kairos-stylos-storage.sfo3.digitaloceanspaces.com/temp/c65673f6-112e-48f4-8330-08637137a100.jpg',182,1),(189,90000.00,'https://kairos-stylos-storage.sfo3.digitaloceanspaces.com/temp/f786065e-d106-42f3-99f2-06a5fa733f05.jpg',183,1),(190,15000.00,'https://kairos-stylos-storage.sfo3.digitaloceanspaces.com/temp/8222be26-f274-4e22-ad5f-07935b7c3635.jpg',184,1),(191,60000.00,'https://kairos-stylos-storage.sfo3.digitaloceanspaces.com/temp/176aca5e-2ad5-4950-a8a9-8233f8110b6b.jpg',185,1),(192,10000.00,'https://kairos-stylos-storage.sfo3.digitaloceanspaces.com/temp/c52c751b-7cdd-4a0f-9ec2-33c683fd1f2a.jpg',186,1),(193,95000.00,'https://kairos-stylos-storage.sfo3.digitaloceanspaces.com/temp/e820a5fa-d420-4844-8b63-68568b486f78.jpg',187,1),(194,50000.00,'https://kairos-stylos-storage.sfo3.digitaloceanspaces.com/temp/492c7df7-95ec-499f-ab49-2b7bd64b32d4.jpg',188,1),(195,90000.00,'https://kairos-stylos-storage.sfo3.digitaloceanspaces.com/temp/e13254bb-3c54-47ec-8d40-25c0d080689f.jpg',189,1),(196,90000.00,'https://kairos-stylos-storage.sfo3.digitaloceanspaces.com/temp/42487b7b-d65e-4001-93cc-728a79954c23.jpg',190,1),(197,60000.00,'https://kairos-stylos-storage.sfo3.digitaloceanspaces.com/temp/90f73d49-6896-4053-9ad6-3963966ad33b.jpg',191,1),(198,35000.00,NULL,192,2),(199,100000.00,NULL,193,2),(200,20000.00,NULL,194,2),(201,60000.00,'https://kairos-stylos-storage.sfo3.digitaloceanspaces.com/temp/803c7862-51ce-43e5-87bb-9e8e2d57b5ef.jpg',195,1),(202,25000.00,NULL,196,2),(203,55000.00,'https://kairos-stylos-storage.sfo3.digitaloceanspaces.com/temp/b4b84c0f-d42f-4c22-bf30-f665b39968a4.jpg',197,1),(204,90000.00,'https://kairos-stylos-storage.sfo3.digitaloceanspaces.com/temp/ba5ac40e-98e3-4a3c-9175-ab61343a490f.jpg',198,1),(205,85000.00,'https://kairos-stylos-storage.sfo3.digitaloceanspaces.com/temp/84bf41b9-b161-4dd8-a935-7e087a356e70.jpg',199,1),(206,55000.00,'https://kairos-stylos-storage.sfo3.digitaloceanspaces.com/temp/a0199d4c-35b9-426b-89b3-105188c9b7f0.jpg',200,1),(207,75000.00,'https://kairos-stylos-storage.sfo3.digitaloceanspaces.com/temp/4e700df0-018d-4f80-b1f7-bb914e26ba12.jpg',201,1),(208,90000.00,'https://kairos-stylos-storage.sfo3.digitaloceanspaces.com/temp/5f437c79-d2a6-4d51-8dc6-5201b68feeca.jpg',202,1),(209,10000.00,NULL,203,2),(210,45000.00,NULL,204,2),(211,50000.00,'https://kairos-stylos-storage.sfo3.digitaloceanspaces.com/temp/afbe9ec5-c524-4995-a80a-df61ccf1bc79.jpg',205,1),(212,35000.00,'https://kairos-stylos-storage.sfo3.digitaloceanspaces.com/temp/ad36d097-f1b3-46a7-9169-ff8b5ec49f68.jpg',206,1),(213,30000.00,NULL,207,4),(214,70000.00,'https://kairos-stylos-storage.sfo3.digitaloceanspaces.com/temp/eb18ea74-4088-4859-886b-160fad460974.jpg',208,1),(215,35000.00,NULL,209,2),(216,20000.00,NULL,210,2),(217,145000.00,'https://kairos-stylos-storage.sfo3.digitaloceanspaces.com/temp/4f0a169e-ecbe-49a8-96a6-08fff95b523e.jpg',211,1),(218,25000.00,'https://kairos-stylos-storage.sfo3.digitaloceanspaces.com/temp/eb8f1553-eb1b-4054-ab90-c846be3f715f.jpg',212,1),(219,20000.00,'https://kairos-stylos-storage.sfo3.digitaloceanspaces.com/temp/038f0756-e748-4510-b32b-9eba37929b9a.jpg',213,1),(220,90000.00,'https://kairos-stylos-storage.sfo3.digitaloceanspaces.com/temp/6fb583ae-ee62-4270-a6a0-9a68731bec27.jpg',214,1),(221,50000.00,'https://kairos-stylos-storage.sfo3.digitaloceanspaces.com/temp/ad597c07-2c87-4f03-acbb-559d158e0c50.jpg',215,1),(222,5000.00,NULL,215,2),(223,20000.00,'https://kairos-stylos-storage.sfo3.digitaloceanspaces.com/temp/42c64da3-60b9-4790-a009-38077ee21483.jpg',216,1),(224,25000.00,NULL,217,2),(225,65000.00,'https://kairos-stylos-storage.sfo3.digitaloceanspaces.com/temp/83e22a4a-fc71-4df7-b724-1a0846726f09.jpg',218,1),(226,35000.00,NULL,219,2),(227,35000.00,'https://kairos-stylos-storage.sfo3.digitaloceanspaces.com/temp/00631d62-593e-4944-8451-42e99d473144.jpg',220,1),(228,55000.00,'https://kairos-stylos-storage.sfo3.digitaloceanspaces.com/temp/4b2ab3f4-44e4-441e-8a53-415b2a140407.jpg',221,1),(229,80000.00,'https://kairos-stylos-storage.sfo3.digitaloceanspaces.com/temp/36c3778e-7430-41f8-bc19-7a91dd4fd3e5.jpg',222,1),(230,10000.00,'https://kairos-stylos-storage.sfo3.digitaloceanspaces.com/temp/8fb6098a-98a2-4c45-a8de-448c6302b4f4.jpg',223,1),(231,130000.00,'https://kairos-stylos-storage.sfo3.digitaloceanspaces.com/temp/96020577-c16b-428c-8712-fdaf842616d9.jpg',224,1),(232,450000.00,NULL,225,2),(233,90000.00,'https://kairos-stylos-storage.sfo3.digitaloceanspaces.com/temp/3c4b02e5-2fc1-4fed-824c-ce2eff4d2c03.jpg',226,1),(234,65000.00,'https://kairos-stylos-storage.sfo3.digitaloceanspaces.com/temp/494cd217-cd6b-47b8-a97d-9765531387d0.jpg',227,1),(235,80000.00,NULL,228,2),(236,25000.00,NULL,229,2),(237,25000.00,'https://kairos-stylos-storage.sfo3.digitaloceanspaces.com/temp/276bb7c0-4d54-4050-8067-9f0e51b19c93.jpg',230,1),(238,30000.00,'https://kairos-stylos-storage.sfo3.digitaloceanspaces.com/temp/29070208-01cb-4b4c-ad0e-8bf7197ea84e.jpg',231,1),(239,25000.00,NULL,232,2),(240,50000.00,'https://kairos-stylos-storage.sfo3.digitaloceanspaces.com/temp/f20ba5a8-ed0d-4b0a-b56d-615f42e503e4.jpg',233,1),(241,3000.00,NULL,234,2),(242,7000.00,'https://kairos-stylos-storage.sfo3.digitaloceanspaces.com/temp/00462b3b-4a11-41ce-a29d-0cb42212ffb9.jpg',234,1),(243,65000.00,'https://kairos-stylos-storage.sfo3.digitaloceanspaces.com/temp/1dcf427b-1612-49cd-8e2d-a738a9fb7bf3.jpg',235,1),(244,35000.00,'https://kairos-stylos-storage.sfo3.digitaloceanspaces.com/temp/ddc3a455-f83c-403a-9763-33e2a541c59f.jpg',236,1),(245,35000.00,'https://kairos-stylos-storage.sfo3.digitaloceanspaces.com/temp/44b6b815-9813-4387-ac82-8e131f3e3adf.jpg',237,1),(246,30000.00,NULL,238,2),(247,95000.00,NULL,239,2),(248,55000.00,'https://kairos-stylos-storage.sfo3.digitaloceanspaces.com/temp/86898b5b-22c2-4a18-9a47-9e5f5ccb3253.jpg',240,1),(249,20000.00,'https://kairos-stylos-storage.sfo3.digitaloceanspaces.com/temp/2c23c255-ecdd-4570-8171-305fcf65fd03.jpg',241,1),(250,40000.00,NULL,242,2),(251,55000.00,'https://kairos-stylos-storage.sfo3.digitaloceanspaces.com/temp/5f28f169-7657-4ea6-9a41-256ee1f6f530.jpg',243,1),(252,100000.00,'https://kairos-stylos-storage.sfo3.digitaloceanspaces.com/temp/e27bd5c8-8d15-491f-a881-6cdadfd64a7e.jpg',244,1),(253,100000.00,'https://kairos-stylos-storage.sfo3.digitaloceanspaces.com/temp/35b71ed4-dd85-4aa5-ba71-85b652bb6fce.jpg',245,1),(254,60000.00,'https://kairos-stylos-storage.sfo3.digitaloceanspaces.com/temp/197c4721-da14-41a8-a178-13fd11754576.jpg',246,1),(255,30000.00,'https://kairos-stylos-storage.sfo3.digitaloceanspaces.com/temp/3649b2a9-e52b-4720-a8d8-b61906ee1a25.jpg',247,1),(256,10000.00,NULL,248,2),(257,35000.00,'https://kairos-stylos-storage.sfo3.digitaloceanspaces.com/temp/25759d5a-fd8c-497d-befb-5857294790e0.jpg',249,1),(258,20000.00,NULL,250,2),(259,35000.00,'https://kairos-stylos-storage.sfo3.digitaloceanspaces.com/temp/43bba8b2-6269-4659-b981-a08b4628dd7d.jpg',251,1),(260,100000.00,'https://kairos-stylos-storage.sfo3.digitaloceanspaces.com/temp/d7abfe15-9614-4929-b23a-9cce597fc9c5.jpg',252,1),(261,60000.00,'https://kairos-stylos-storage.sfo3.digitaloceanspaces.com/temp/78f1f4a9-a889-4994-a1a6-985d91be532c.jpg',253,1),(262,40000.00,'https://kairos-stylos-storage.sfo3.digitaloceanspaces.com/temp/a2925cfd-b3fe-40e7-b6e3-5251ced9bcb4.jpg',254,1),(263,10000.00,NULL,255,2),(264,100000.00,'https://kairos-stylos-storage.sfo3.digitaloceanspaces.com/temp/8c8c474f-b8fc-4645-b58d-4b3b445bf62e.jpg',256,1),(265,60000.00,'https://kairos-stylos-storage.sfo3.digitaloceanspaces.com/temp/34b00b57-d80f-4e13-9da9-fd8dced86d91.jpg',257,1),(266,35000.00,'https://kairos-stylos-storage.sfo3.digitaloceanspaces.com/temp/99fb28fb-1adb-4048-bd6a-e33d38379ca4.jpg',258,1),(267,15000.00,'https://kairos-stylos-storage.sfo3.digitaloceanspaces.com/temp/011fa037-361f-4014-84c1-9c967f397f9f.jpg',259,1),(268,70000.00,'https://kairos-stylos-storage.sfo3.digitaloceanspaces.com/temp/08506920-1714-4f26-83d6-67ee907fbcae.jpg',260,1),(269,10000.00,NULL,261,2),(270,65000.00,NULL,262,2),(271,25000.00,'https://kairos-stylos-storage.sfo3.digitaloceanspaces.com/temp/b364f07d-d229-40cb-9a58-02006186aa5d.jpg',263,1),(272,40000.00,NULL,264,2),(273,35000.00,NULL,265,2),(274,50000.00,'https://kairos-stylos-storage.sfo3.digitaloceanspaces.com/temp/5cd7707d-68f3-41d9-834f-455ee82139e4.jpg',266,1),(275,80000.00,'https://kairos-stylos-storage.sfo3.digitaloceanspaces.com/temp/7112c230-3d06-4716-b85a-ce62ed728df2.jpg',267,1),(276,35000.00,'https://kairos-stylos-storage.sfo3.digitaloceanspaces.com/temp/9a0ab00a-9f11-4cf2-a046-d878eb6ab5bc.jpg',268,1),(277,80000.00,'https://kairos-stylos-storage.sfo3.digitaloceanspaces.com/temp/c1ea3a57-b0fa-48e8-8849-746907140bcb.jpg',269,1),(278,75000.00,NULL,270,2),(279,130000.00,NULL,271,2),(280,55000.00,'https://kairos-stylos-storage.sfo3.digitaloceanspaces.com/temp/ef675a95-6ed6-4e54-a27a-bd45508d30f7.jpg',272,1),(281,10000.00,NULL,272,2),(282,395000.00,'https://kairos-stylos-storage.sfo3.digitaloceanspaces.com/temp/22f8d10d-18cc-4843-9bac-bef2f4ec33e1.jpg',273,1),(283,100000.00,'https://kairos-stylos-storage.sfo3.digitaloceanspaces.com/temp/c7c6810a-08fa-4236-babb-aa2042850492.jpg',274,1),(284,55000.00,NULL,275,2),(285,25000.00,NULL,276,2),(286,75000.00,NULL,277,2),(287,55000.00,'https://kairos-stylos-storage.sfo3.digitaloceanspaces.com/temp/eca98f8c-b3f7-435e-9639-ff50f69862ab.jpg',278,1),(288,50000.00,'https://kairos-stylos-storage.sfo3.digitaloceanspaces.com/temp/a6f7967e-942f-45f5-b872-7175d5c3b4a8.jpg',279,1),(289,35000.00,'https://kairos-stylos-storage.sfo3.digitaloceanspaces.com/temp/c93770ea-7526-4abe-b3de-b46b78e7ed63.jpg',280,1),(290,105000.00,'https://kairos-stylos-storage.sfo3.digitaloceanspaces.com/temp/c0770c40-23d7-4447-9104-0049da41b2d8.jpg',281,1),(291,70000.00,NULL,282,2),(292,20000.00,'https://kairos-stylos-storage.sfo3.digitaloceanspaces.com/temp/7f83af14-07f3-4519-acf4-6158dbf96103.jpg',283,1),(293,55000.00,NULL,284,2),(294,30000.00,'https://kairos-stylos-storage.sfo3.digitaloceanspaces.com/temp/fbf55da9-0adb-4f2b-b59c-4e8f3f735e93.jpg',285,1),(295,90000.00,'https://kairos-stylos-storage.sfo3.digitaloceanspaces.com/temp/e7edd15e-68bf-4678-bc1c-aab938930eeb.jpg',286,1),(296,80000.00,'https://kairos-stylos-storage.sfo3.digitaloceanspaces.com/temp/20642455-b791-4df6-85a8-0947f3dca53d.jpg',287,1),(297,60000.00,'https://kairos-stylos-storage.sfo3.digitaloceanspaces.com/temp/b03e53d5-73d3-4b3a-9bb2-2f1e18698499.jpg',288,1),(298,65000.00,'https://kairos-stylos-storage.sfo3.digitaloceanspaces.com/temp/618a3706-7018-4b6c-8781-7d112e28dc47.jpg',289,1),(299,75000.00,'https://kairos-stylos-storage.sfo3.digitaloceanspaces.com/temp/02b02931-9013-450f-ae98-f9488506c29e.jpg',290,1),(300,35000.00,'https://kairos-stylos-storage.sfo3.digitaloceanspaces.com/temp/2977ac3f-04f5-4a78-a92d-422b4de42c94.jpg',291,1),(301,75000.00,'https://kairos-stylos-storage.sfo3.digitaloceanspaces.com/temp/e324c86e-be2b-4dac-a2b1-c49c62d38759.jpg',292,1),(302,60000.00,'https://kairos-stylos-storage.sfo3.digitaloceanspaces.com/temp/3fc06849-3fb5-45ee-b889-a34683bfb909.jpg',293,1),(303,135000.00,'https://kairos-stylos-storage.sfo3.digitaloceanspaces.com/temp/621fe2ad-c1d8-4c6a-abef-fa096c07bd05.jpg',294,1),(304,35000.00,'https://kairos-stylos-storage.sfo3.digitaloceanspaces.com/temp/0a0580c8-014b-4d32-af44-0d4377bb5152.jpg',295,1),(305,50000.00,'https://kairos-stylos-storage.sfo3.digitaloceanspaces.com/temp/68095c41-282c-4e59-a788-cf33563cdf01.jpg',296,1),(306,50000.00,'https://kairos-stylos-storage.sfo3.digitaloceanspaces.com/temp/084f5609-58e3-4a4e-9ce0-1e67427d3069.jpg',297,1),(307,25000.00,'https://kairos-stylos-storage.sfo3.digitaloceanspaces.com/temp/84460c2d-1ad3-4346-83bf-286305f18f4b.jpg',298,1),(308,50000.00,'https://kairos-stylos-storage.sfo3.digitaloceanspaces.com/temp/03207d62-5032-499a-8b05-75fb6d04705b.jpg',299,1),(309,80000.00,'https://kairos-stylos-storage.sfo3.digitaloceanspaces.com/temp/15c23b69-1d78-4f7b-b541-a4757bbfca17.jpg',300,1),(310,15000.00,'https://kairos-stylos-storage.sfo3.digitaloceanspaces.com/temp/1cd5766f-2a86-46b1-abbf-ccca7a133f77.jpg',301,1),(311,355000.00,'https://kairos-stylos-storage.sfo3.digitaloceanspaces.com/temp/a7af1005-7a84-4cf0-b61a-2ecc34b74c30.jpg',302,1),(312,35000.00,NULL,303,2),(313,60000.00,'https://kairos-stylos-storage.sfo3.digitaloceanspaces.com/temp/632ba26d-f590-43bf-9686-6c24931304e3.jpg',304,1),(314,30000.00,NULL,305,2),(315,20000.00,'https://kairos-stylos-storage.sfo3.digitaloceanspaces.com/temp/1f06ec0d-a7bb-4b73-bb76-8c73582f0acd.jpg',306,1),(316,5000.00,'https://kairos-stylos-storage.sfo3.digitaloceanspaces.com/temp/ed24350b-bb49-4f94-89df-b6b11ed06a49.jpg',307,1),(317,70000.00,NULL,308,2),(318,90000.00,'https://kairos-stylos-storage.sfo3.digitaloceanspaces.com/temp/2bafa1dc-ed23-41af-b1ea-32f0b43a6187.jpg',309,1),(319,30000.00,NULL,310,2),(320,145000.00,'https://kairos-stylos-storage.sfo3.digitaloceanspaces.com/temp/efc89a8e-b8d8-4169-bb2c-634c59286413.jpg',311,1),(321,100000.00,'https://kairos-stylos-storage.sfo3.digitaloceanspaces.com/temp/b8e92c0b-e8bd-49b2-b449-839ae5ad9d23.jpg',312,1),(322,20000.00,NULL,313,2),(323,15000.00,'https://kairos-stylos-storage.sfo3.digitaloceanspaces.com/temp/30ab7268-bb83-4cd6-8a0e-e4a28159d126.jpg',314,1),(324,15000.00,NULL,315,2),(325,80000.00,'https://kairos-stylos-storage.sfo3.digitaloceanspaces.com/temp/6c4636d5-cfb7-4817-87b7-b6cd4c2aabd8.jpg',316,1),(326,30000.00,'https://kairos-stylos-storage.sfo3.digitaloceanspaces.com/temp/0084b5d9-7f31-423e-8da7-cbffa53a4da2.jpg',317,1),(328,25000.00,'https://kairos-stylos-storage.sfo3.digitaloceanspaces.com/temp/4d212cd6-6723-447a-bd52-7c1aee77b397.jpg',319,1),(329,35000.00,'https://kairos-stylos-storage.sfo3.digitaloceanspaces.com/temp/96dc20b7-df29-4e03-a62f-5a8878fe5ffc.jpg',320,1),(330,105000.00,'https://kairos-stylos-storage.sfo3.digitaloceanspaces.com/temp/f413b0e5-8d15-4e21-8059-d5b19ec01bfe.jpg',321,1),(331,15000.00,'https://kairos-stylos-storage.sfo3.digitaloceanspaces.com/temp/0b89bb30-575a-483a-b15f-14415589d6ee.jpg',322,1),(332,35000.00,'https://kairos-stylos-storage.sfo3.digitaloceanspaces.com/temp/8a91b000-4956-4027-96b1-9d8c47793895.jpg',323,1),(333,100000.00,NULL,324,2),(334,90000.00,NULL,325,2),(335,20000.00,'https://kairos-stylos-storage.sfo3.digitaloceanspaces.com/temp/2285fe45-faa4-4e91-b120-97cc8487f1d2.jpg',326,1),(336,25000.00,NULL,327,2),(337,50000.00,'https://kairos-stylos-storage.sfo3.digitaloceanspaces.com/temp/4f617afb-176f-44bc-ad85-c6b030eea5ed.jpg',328,1),(338,60000.00,NULL,329,2),(339,30000.00,'https://kairos-stylos-storage.sfo3.digitaloceanspaces.com/temp/5096450d-3b60-409e-8316-d91039526b58.jpg',330,1),(340,50000.00,'https://kairos-stylos-storage.sfo3.digitaloceanspaces.com/temp/2b563bbf-3966-4205-9fdb-e3734439e4f6.jpg',331,1),(341,30000.00,NULL,332,2),(342,115000.00,'https://kairos-stylos-storage.sfo3.digitaloceanspaces.com/temp/368e00f4-7aec-4762-ad89-6922b8f9e7aa.jpg',333,1),(343,130000.00,'https://kairos-stylos-storage.sfo3.digitaloceanspaces.com/temp/bf2822a7-30e8-42d5-ab4b-9d0faaae9d8d.jpg',334,1),(344,55000.00,NULL,335,2),(345,20000.00,NULL,336,2),(346,35000.00,NULL,337,2),(347,135000.00,NULL,338,2),(348,30000.00,'https://kairos-stylos-storage.sfo3.digitaloceanspaces.com/temp/5f8467cc-7ffa-488c-b417-1c9dee05042f.jpg',339,1),(349,50000.00,'https://kairos-stylos-storage.sfo3.digitaloceanspaces.com/temp/c35e0364-c8d8-4e33-ac75-e3f2230284fe.jpg',340,1),(350,133000.00,NULL,341,2),(351,35000.00,'https://kairos-stylos-storage.sfo3.digitaloceanspaces.com/temp/fc37d599-0f93-4c36-81f0-69f9c34604b3.jpg',342,1),(352,25000.00,'https://kairos-stylos-storage.sfo3.digitaloceanspaces.com/temp/85890c48-27c9-49bf-b0f1-0f36e5cfce3f.jpg',343,1),(353,60000.00,NULL,344,2),(354,55000.00,'https://kairos-stylos-storage.sfo3.digitaloceanspaces.com/temp/d3ebd01e-38bb-484c-ac66-28f91978d841.jpg',345,1),(355,110000.00,'https://kairos-stylos-storage.sfo3.digitaloceanspaces.com/temp/e2f7495d-d8a8-4f29-8ee3-d7574e1bcd0d.jpg',346,1),(356,100000.00,NULL,347,6),(357,205000.00,NULL,348,2),(358,95000.00,'https://kairos-stylos-storage.sfo3.digitaloceanspaces.com/temp/34db6fc4-4899-4203-91c2-354a9956a2cf.jpg',349,1),(359,95000.00,'https://kairos-stylos-storage.sfo3.digitaloceanspaces.com/temp/3f97260f-66fd-4e58-9e6a-98397131d41b.jpg',350,1),(360,40000.00,NULL,351,2),(361,80000.00,'https://kairos-stylos-storage.sfo3.digitaloceanspaces.com/temp/2fc587d1-c3a5-466c-8114-f5f4f1d0c400.jpg',352,1),(362,25000.00,'https://kairos-stylos-storage.sfo3.digitaloceanspaces.com/temp/3e1e5083-c4bf-4772-83c9-e6d0e97683c9.jpg',353,1),(363,20000.00,NULL,354,2),(364,110000.00,NULL,355,2),(365,50000.00,'https://kairos-stylos-storage.sfo3.digitaloceanspaces.com/temp/4c010ef9-3013-40fc-88d4-0afa7eacd6b9.jpg',356,1),(366,90000.00,'https://kairos-stylos-storage.sfo3.digitaloceanspaces.com/temp/56136658-cfa6-4e2d-a350-320ebfec6681.jpg',357,1),(367,20000.00,'https://kairos-stylos-storage.sfo3.digitaloceanspaces.com/temp/4393540e-c3d4-47f9-95bb-1b89328db2bf.jpg',358,1),(368,50000.00,NULL,359,2),(369,35000.00,'https://kairos-stylos-storage.sfo3.digitaloceanspaces.com/temp/0bd2a162-5c34-4bf6-837a-e8d57b67bda7.jpg',360,1),(370,20000.00,'https://kairos-stylos-storage.sfo3.digitaloceanspaces.com/temp/7d72ed80-11cc-4b14-bec4-1d66ef4f1835.jpg',361,1),(371,32000.00,'https://kairos-stylos-storage.sfo3.digitaloceanspaces.com/temp/592b40e6-db8e-4277-bb9f-b1df192426a2.jpg',362,1),(372,25000.00,'https://kairos-stylos-storage.sfo3.digitaloceanspaces.com/temp/962b3d58-9b8b-44a9-987f-1949b0610a2b.jpg',363,1),(373,25000.00,'https://kairos-stylos-storage.sfo3.digitaloceanspaces.com/temp/35984bae-4545-4183-89b8-1abf96ec29e9.jpg',364,1),(374,90000.00,'https://kairos-stylos-storage.sfo3.digitaloceanspaces.com/temp/7cbf94a0-d8bf-4b9d-a7a7-5cd60a5dd74d.jpg',365,1),(375,50000.00,'https://kairos-stylos-storage.sfo3.digitaloceanspaces.com/temp/25fd5492-2bf1-4fc3-b25c-876ce2166e8f.jpg',366,1),(376,70000.00,NULL,367,2),(377,35000.00,'https://kairos-stylos-storage.sfo3.digitaloceanspaces.com/temp/25f2d9a5-c0da-4f49-86f1-d22c1ff342ec.jpg',368,1),(378,160000.00,'https://kairos-stylos-storage.sfo3.digitaloceanspaces.com/temp/9e380a52-60c6-47f0-abcf-9c63fabbb535.jpg',369,1),(379,30000.00,'https://kairos-stylos-storage.sfo3.digitaloceanspaces.com/temp/4ee9d965-c7a5-472a-aaa0-2637228b4132.jpg',370,1),(380,140000.00,'https://kairos-stylos-storage.sfo3.digitaloceanspaces.com/temp/d04abab5-7ac3-4760-ae1b-56a5645336bb.jpg',371,1),(381,55000.00,NULL,372,2),(382,60000.00,NULL,373,2),(383,65000.00,'https://kairos-stylos-storage.sfo3.digitaloceanspaces.com/temp/4d7d85fb-d890-4cfa-b0df-a4eb425e74aa.jpg',374,1),(384,70000.00,'https://kairos-stylos-storage.sfo3.digitaloceanspaces.com/temp/b2904c39-2956-4170-89c0-c1a623478ef2.jpg',375,1),(386,25000.00,NULL,377,2),(387,175000.00,'https://kairos-stylos-storage.sfo3.digitaloceanspaces.com/temp/30d04a41-6b4e-44a1-a8d1-02d3237fda84.jpg',378,1),(388,185000.00,'https://kairos-stylos-storage.sfo3.digitaloceanspaces.com/temp/cfad2d02-9811-45da-ae82-7df64b270f0c.jpg',379,1),(389,120000.00,NULL,380,2),(390,60000.00,NULL,381,2),(391,60000.00,'https://kairos-stylos-storage.sfo3.digitaloceanspaces.com/temp/7fb8b7d5-0c5f-4e80-aac6-332f69e2ec56.jpg',382,1),(392,90000.00,'https://kairos-stylos-storage.sfo3.digitaloceanspaces.com/temp/b928a44f-d7db-45e0-b999-55b6ee11f54e.jpg',383,1),(393,40000.00,NULL,384,2),(394,35000.00,NULL,385,2),(395,35000.00,'https://kairos-stylos-storage.sfo3.digitaloceanspaces.com/temp/25abfb8c-d054-426b-8df4-d50c2a948fd4.jpg',386,1),(396,25000.00,'https://kairos-stylos-storage.sfo3.digitaloceanspaces.com/temp/00df5770-58ab-460f-a3cb-ca16c4ecb781.jpg',387,1),(397,115000.00,NULL,388,2),(398,35000.00,'https://kairos-stylos-storage.sfo3.digitaloceanspaces.com/temp/c02a1d79-179e-48ec-8605-ad1c46dee51a.jpg',389,1),(399,105000.00,'https://kairos-stylos-storage.sfo3.digitaloceanspaces.com/temp/64b8b853-848f-42f5-b932-7fec1bffee5f.jpg',390,1),(400,60000.00,'https://kairos-stylos-storage.sfo3.digitaloceanspaces.com/temp/3b698214-833d-4f61-92b2-85e5a44be731.jpg',391,1),(401,35000.00,NULL,392,2),(402,95000.00,'https://kairos-stylos-storage.sfo3.digitaloceanspaces.com/temp/379538d9-0c74-4ba1-a138-5ef45a07c102.jpg',393,1),(403,90000.00,'https://kairos-stylos-storage.sfo3.digitaloceanspaces.com/temp/a47e0df4-f5aa-4e41-a4c5-6ff14315469a.jpg',394,1),(404,5000.00,NULL,395,2),(405,50000.00,'https://kairos-stylos-storage.sfo3.digitaloceanspaces.com/temp/eef1997f-3410-4d99-a2c4-50c95e650210.jpg',396,1),(406,135000.00,'https://kairos-stylos-storage.sfo3.digitaloceanspaces.com/temp/ac2920fc-5f49-495d-a0ce-aacda17b0d17.jpg',397,1),(407,150000.00,'https://kairos-stylos-storage.sfo3.digitaloceanspaces.com/temp/62802792-8a96-483f-9da5-bdac8ae6b9d9.jpg',398,1),(408,60000.00,'https://kairos-stylos-storage.sfo3.digitaloceanspaces.com/temp/f10a7127-022a-451c-8091-09fe0f85b690.jpg',399,1),(409,100000.00,'https://kairos-stylos-storage.sfo3.digitaloceanspaces.com/temp/c569798f-6e80-482e-be41-85d8e266195c.jpg',400,1),(410,71250.00,'https://kairos-stylos-storage.sfo3.digitaloceanspaces.com/temp/8d1eb038-09cc-4379-b61d-ef89e8a409a6.jpg',401,1),(411,55000.00,'https://kairos-stylos-storage.sfo3.digitaloceanspaces.com/temp/94f7ccdb-930a-47db-b1ef-5638ca409177.jpg',402,1),(412,90000.00,'https://kairos-stylos-storage.sfo3.digitaloceanspaces.com/temp/38171af7-c072-43de-9cca-6188d1e58520.jpg',403,1),(413,20000.00,NULL,404,2),(415,30000.00,'https://kairos-stylos-storage.sfo3.digitaloceanspaces.com/temp/dd5810af-7118-41d9-a7d7-b05e8cb7dafb.jpg',406,1),(416,45000.00,'https://kairos-stylos-storage.sfo3.digitaloceanspaces.com/temp/01f8073e-348f-4f60-bc54-de7fe8822049.jpg',407,1),(417,40000.00,NULL,408,2),(418,27000.00,'https://kairos-stylos-storage.sfo3.digitaloceanspaces.com/temp/ef4bc1ad-40a2-44b4-af1f-3410d456289f.jpg',409,1),(419,20000.00,NULL,410,2),(420,50000.00,'https://kairos-stylos-storage.sfo3.digitaloceanspaces.com/temp/3cd46d61-455f-4d29-907e-f3019376c061.jpg',411,1),(421,25000.00,NULL,412,2),(422,70000.00,'https://kairos-stylos-storage.sfo3.digitaloceanspaces.com/temp/ed0c17ba-f01c-437c-a65c-0e8f0d84c60a.jpg',413,1),(423,25000.00,NULL,414,2),(424,10000.00,'https://kairos-stylos-storage.sfo3.digitaloceanspaces.com/temp/f3e8b2c2-538e-4a3e-8acb-aa92b19d8ac0.jpg',414,1),(425,30000.00,NULL,415,2),(426,25000.00,NULL,416,2),(427,15000.00,'https://kairos-stylos-storage.sfo3.digitaloceanspaces.com/temp/d073cfa4-b9ef-41b1-b0fe-cbbe47f73015.jpg',417,1),(428,40000.00,'https://kairos-stylos-storage.sfo3.digitaloceanspaces.com/temp/9191a295-b524-470a-9c18-590adeb225a4.jpg',418,1),(429,120000.00,'https://kairos-stylos-storage.sfo3.digitaloceanspaces.com/temp/aac1b6b1-e1c2-470c-ad9f-f2b46378cd33.jpg',419,1),(430,15000.00,'https://kairos-stylos-storage.sfo3.digitaloceanspaces.com/temp/a2fe43bf-385d-4379-a061-256763cf9231.jpg',420,1),(431,70000.00,'https://kairos-stylos-storage.sfo3.digitaloceanspaces.com/temp/6ef3cbc1-8848-4580-9690-76aad9f7cf93.jpg',420,2),(432,45000.00,'https://kairos-stylos-storage.sfo3.digitaloceanspaces.com/temp/83ccb3e7-5e5d-45c2-9936-41a29caa3f5d.jpg',421,1),(433,50000.00,'https://kairos-stylos-storage.sfo3.digitaloceanspaces.com/temp/d3ccad24-1872-420f-a807-a67902181971.jpg',422,1),(434,65000.00,NULL,423,2),(435,30000.00,'https://kairos-stylos-storage.sfo3.digitaloceanspaces.com/temp/1e477c0c-d02d-4e05-8d6f-2a421149177e.jpg',424,1),(436,10000.00,NULL,425,2),(437,90000.00,'https://kairos-stylos-storage.sfo3.digitaloceanspaces.com/temp/713ee662-08d3-4217-9ce6-69dec091e03c.jpg',425,1),(438,35000.00,'https://kairos-stylos-storage.sfo3.digitaloceanspaces.com/temp/dc1a0663-b6ba-46a2-8964-c87c533f254a.jpg',426,1),(439,35000.00,'https://kairos-stylos-storage.sfo3.digitaloceanspaces.com/temp/a4fef7fe-894c-4fa8-a40d-65c7207a7c66.jpg',427,1),(440,35000.00,NULL,427,4),(442,120000.00,NULL,429,2),(443,25000.00,NULL,430,2),(444,47000.00,'https://kairos-stylos-storage.sfo3.digitaloceanspaces.com/temp/ec716550-c69a-41bf-85da-cceeabaad8c2.jpg',431,1),(445,45000.00,'https://kairos-stylos-storage.sfo3.digitaloceanspaces.com/temp/da953b92-d3ad-4c34-926f-7ef26d9ca847.jpg',432,1),(448,15000.00,NULL,434,2),(449,60000.00,NULL,435,2),(450,33000.00,NULL,436,2),(451,20000.00,'https://kairos-stylos-storage.sfo3.digitaloceanspaces.com/temp/4edb06e2-d482-4f38-a2c8-ca5ec255c000.jpg',437,1),(452,20000.00,NULL,438,2),(453,35000.00,NULL,439,2),(454,30000.00,NULL,440,2),(455,35000.00,'https://kairos-stylos-storage.sfo3.digitaloceanspaces.com/temp/36426e9b-0014-4a7c-a5ba-97c0c9cc1f4e.jpg',441,1),(456,35000.00,'https://kairos-stylos-storage.sfo3.digitaloceanspaces.com/temp/72b206ea-c76c-4b8c-ac69-d359a8d316b3.jpg',442,1),(457,20000.00,'https://kairos-stylos-storage.sfo3.digitaloceanspaces.com/temp/ccc645a9-c395-4a85-9774-ebcdb37b6e4e.jpg',443,1),(458,75000.00,'https://kairos-stylos-storage.sfo3.digitaloceanspaces.com/temp/9995f44c-158d-4429-9bb2-2e8ab3dc47e6.jpg',444,1),(459,50000.00,'https://kairos-stylos-storage.sfo3.digitaloceanspaces.com/temp/c97f10b2-3609-43eb-84fb-38d87a346260.jpg',445,1),(460,60000.00,NULL,446,2),(461,30000.00,NULL,447,2),(462,30000.00,'https://kairos-stylos-storage.sfo3.digitaloceanspaces.com/temp/6d6496a9-4614-4ac6-a767-c908ebac584b.jpg',448,1),(463,20000.00,NULL,449,2),(464,30000.00,'https://kairos-stylos-storage.sfo3.digitaloceanspaces.com/temp/21102caa-6221-45a5-a0d4-4587babf63c9.jpg',450,1),(465,35000.00,NULL,451,2),(466,30000.00,'https://kairos-stylos-storage.sfo3.digitaloceanspaces.com/temp/7759c511-dd8b-4b24-8b70-4cc435470337.jpg',452,1),(467,25000.00,'https://kairos-stylos-storage.sfo3.digitaloceanspaces.com/temp/fe12cd8d-5382-498f-9d11-969ea7f1a919.jpg',453,1),(468,40000.00,'https://kairos-stylos-storage.sfo3.digitaloceanspaces.com/temp/07668a05-6b55-485d-8ad7-e9ef9a842ab5.jpg',454,1),(469,35000.00,'https://kairos-stylos-storage.sfo3.digitaloceanspaces.com/temp/af40f442-9206-4c3b-9f1c-425d45a6eac6.jpg',455,1),(470,50000.00,NULL,456,2),(471,40000.00,'https://kairos-stylos-storage.sfo3.digitaloceanspaces.com/temp/a51c8371-53ce-4c80-b5ea-2dc764d3f661.jpg',457,1),(472,20000.00,'https://kairos-stylos-storage.sfo3.digitaloceanspaces.com/temp/9bdc618c-e2bd-4785-bb6b-346ff04ce72f.jpg',458,1),(473,10000.00,'https://kairos-stylos-storage.sfo3.digitaloceanspaces.com/temp/5ade4f3a-ee8b-47ce-bfba-e975f05f49aa.jpg',459,1),(474,10000.00,'https://kairos-stylos-storage.sfo3.digitaloceanspaces.com/temp/9519669c-01e1-44fa-8b86-e02b3fa9e2bc.jpg',460,1),(475,170000.00,'https://kairos-stylos-storage.sfo3.digitaloceanspaces.com/temp/9fabe906-de67-48c4-a361-3c79dda93fbc.jpg',461,1),(476,10000.00,'https://kairos-stylos-storage.sfo3.digitaloceanspaces.com/temp/b5170f12-f538-4e05-b22d-191fd4eab387.jpg',462,1),(477,120000.00,'https://kairos-stylos-storage.sfo3.digitaloceanspaces.com/temp/304da0ea-9baf-4618-a2c1-188641de39fe.jpg',463,1),(478,20000.00,NULL,464,2),(479,35000.00,'https://kairos-stylos-storage.sfo3.digitaloceanspaces.com/temp/0d20c018-8b6f-4d05-b92e-3eb86bdbc43d.jpg',465,1),(480,20000.00,'https://kairos-stylos-storage.sfo3.digitaloceanspaces.com/temp/0dca266c-d8db-4aaf-99a1-a98b36db4f5b.jpg',466,1),(481,80000.00,NULL,467,2),(482,415000.00,'https://kairos-stylos-storage.sfo3.digitaloceanspaces.com/temp/2b2a7387-ea36-494f-8914-0086991ac251.jpg',468,1),(483,130000.00,'https://kairos-stylos-storage.sfo3.digitaloceanspaces.com/temp/15452d12-b676-465b-9119-4f6c51f36a4e.jpg',469,1),(484,25000.00,'https://kairos-stylos-storage.sfo3.digitaloceanspaces.com/temp/03d1c602-78b0-42f5-83ee-548678eef5b6.jpg',470,1),(485,330000.00,'https://kairos-stylos-storage.sfo3.digitaloceanspaces.com/temp/1bc502d7-13fe-4785-af29-157930b5f20c.jpg',471,1),(486,25000.00,NULL,472,2),(487,55000.00,'https://kairos-stylos-storage.sfo3.digitaloceanspaces.com/temp/f35d32e7-eba2-4d1d-aeb3-6eb6a0bd6dd6.jpg',473,1),(488,35000.00,'https://kairos-stylos-storage.sfo3.digitaloceanspaces.com/temp/0d4b8f6c-51ae-45b7-a7a1-64dd86ce7b1e.jpg',474,1),(489,32000.00,'https://kairos-stylos-storage.sfo3.digitaloceanspaces.com/temp/766d1538-aacc-4c95-99f8-b8313f684663.jpg',475,1),(490,58000.00,NULL,475,2),(491,175000.00,'https://kairos-stylos-storage.sfo3.digitaloceanspaces.com/temp/5456058e-c5a5-47a0-9183-a2c0ad2bfe02.jpg',476,1),(492,70000.00,'https://kairos-stylos-storage.sfo3.digitaloceanspaces.com/temp/713f84a9-202e-483c-bcc7-e2f5c3196614.jpg',477,1),(493,30000.00,NULL,478,2),(494,10000.00,'https://kairos-stylos-storage.sfo3.digitaloceanspaces.com/temp/60fd10cf-90f9-46cf-b01f-0a09ba21d784.jpg',479,1),(495,50000.00,NULL,480,2),(496,60000.00,'https://kairos-stylos-storage.sfo3.digitaloceanspaces.com/temp/19566232-634d-4eff-a3d8-f2ca380869da.jpg',481,1),(497,190000.00,NULL,482,2),(498,50000.00,'https://kairos-stylos-storage.sfo3.digitaloceanspaces.com/temp/a074d716-27d7-4488-9fe7-8183e51a4543.jpg',483,1),(499,40000.00,'https://kairos-stylos-storage.sfo3.digitaloceanspaces.com/temp/ea385d15-72fb-4010-baef-6789d6f4ca2a.jpg',484,1),(500,32000.00,'https://kairos-stylos-storage.sfo3.digitaloceanspaces.com/temp/c59c3d92-37ba-46f5-8680-d1f2542eede4.jpg',485,1),(501,58000.00,NULL,485,2),(502,35000.00,NULL,486,2),(503,85000.00,'https://kairos-stylos-storage.sfo3.digitaloceanspaces.com/temp/34a1435a-7fb2-4ac7-a595-53e5396ce3c6.jpg',487,1),(504,110000.00,'https://kairos-stylos-storage.sfo3.digitaloceanspaces.com/temp/87c3e32d-c92c-4d9d-8902-d6be70b321b5.jpg',488,1),(505,80000.00,'https://kairos-stylos-storage.sfo3.digitaloceanspaces.com/temp/070f767a-98c7-41c6-9911-d5df912d213a.jpg',489,1),(506,100000.00,NULL,490,2),(507,35000.00,'https://kairos-stylos-storage.sfo3.digitaloceanspaces.com/temp/bfc06853-2b56-4873-bf6a-825c12062fdf.jpg',491,1),(509,65000.00,'https://kairos-stylos-storage.sfo3.digitaloceanspaces.com/temp/a4a2af8b-f2ba-4f71-945e-3695ef8f3610.jpg',493,1),(510,100000.00,NULL,494,2),(511,110000.00,'https://kairos-stylos-storage.sfo3.digitaloceanspaces.com/temp/8f7524b0-21c4-4fac-9110-1b6962b9a476.jpg',495,1),(512,80000.00,'https://kairos-stylos-storage.sfo3.digitaloceanspaces.com/temp/1c1d02f5-9813-4434-b558-aa7afb81405c.jpg',496,1),(513,165000.00,'https://kairos-stylos-storage.sfo3.digitaloceanspaces.com/temp/d2a3d156-4d17-4741-b203-6a56d0fd0eb5.jpg',497,1),(514,20000.00,'https://kairos-stylos-storage.sfo3.digitaloceanspaces.com/temp/decc7b44-d257-4e58-ba19-f412a5e89084.jpg',498,1),(515,70000.00,'https://kairos-stylos-storage.sfo3.digitaloceanspaces.com/temp/272105df-7cf5-4400-82be-63900b30674b.jpg',499,1),(516,25000.00,'https://kairos-stylos-storage.sfo3.digitaloceanspaces.com/temp/d1e3090c-5e99-449e-b714-2d176fa5ed27.jpg',500,1),(517,25000.00,'https://kairos-stylos-storage.sfo3.digitaloceanspaces.com/temp/d025dca6-f8be-4576-846b-a09cd3ea2a50.jpg',501,1),(518,85000.00,'https://kairos-stylos-storage.sfo3.digitaloceanspaces.com/temp/76d3411a-bc55-4f79-a009-c607bee7570a.jpg',502,1),(519,60000.00,'https://kairos-stylos-storage.sfo3.digitaloceanspaces.com/temp/35683b3c-6a1e-43db-a1b2-527c8384fc37.jpg',503,1),(520,70000.00,'https://kairos-stylos-storage.sfo3.digitaloceanspaces.com/temp/58e8c7ab-a2c3-41cd-a8d9-4a11e3068793.jpg',504,1),(521,60000.00,'https://kairos-stylos-storage.sfo3.digitaloceanspaces.com/temp/50956dcf-6d44-42ac-a95f-f14a8c2ca46c.jpg',505,1),(522,40000.00,NULL,506,2),(523,20000.00,'https://kairos-stylos-storage.sfo3.digitaloceanspaces.com/temp/107036d6-7265-476f-ac8f-228ae9c1b16b.jpg',507,1),(524,35000.00,NULL,508,2),(525,35000.00,'https://kairos-stylos-storage.sfo3.digitaloceanspaces.com/temp/c03706b4-0111-4075-aaf2-9399db514067.jpg',509,1),(526,70000.00,NULL,510,2),(527,45000.00,NULL,511,2),(528,10000.00,NULL,512,2),(529,150000.00,'https://kairos-stylos-storage.sfo3.digitaloceanspaces.com/temp/06d34777-0da9-4229-9bf0-273b9bf9fa61.jpg',513,1),(530,50000.00,'https://kairos-stylos-storage.sfo3.digitaloceanspaces.com/temp/096107b8-2cc9-4eb0-a1b5-f58e0279ebf5.jpg',514,1),(531,40000.00,NULL,515,2),(532,80000.00,'https://kairos-stylos-storage.sfo3.digitaloceanspaces.com/temp/2b953aad-fd59-4101-ba69-1a44310d6ff5.jpg',516,1),(533,35000.00,'https://kairos-stylos-storage.sfo3.digitaloceanspaces.com/temp/ed26010f-d7b2-4fe8-92e4-1d24629e75d1.jpg',517,1),(534,25000.00,'https://kairos-stylos-storage.sfo3.digitaloceanspaces.com/temp/14bdd3de-cff4-402f-9ce5-d11db073667e.jpg',518,1),(535,30000.00,'https://kairos-stylos-storage.sfo3.digitaloceanspaces.com/temp/b0506659-49b4-42e6-913a-bfc4899a10f5.jpg',519,1),(536,30000.00,NULL,520,2),(537,55000.00,'https://kairos-stylos-storage.sfo3.digitaloceanspaces.com/temp/215cfeae-61ff-4fe9-914b-1f9681c63536.jpg',521,1),(538,105000.00,'https://kairos-stylos-storage.sfo3.digitaloceanspaces.com/temp/389b3e96-1c0e-4e92-ace2-ede29560b9cd.jpg',522,1),(539,35000.00,'https://kairos-stylos-storage.sfo3.digitaloceanspaces.com/temp/9529959a-4e06-42f8-b044-0b01374f799c.jpg',523,1),(540,105000.00,'https://kairos-stylos-storage.sfo3.digitaloceanspaces.com/temp/33d29b5f-172c-4a99-ae5b-f5a5fb6df97c.jpg',524,1),(541,30000.00,NULL,525,2),(542,135000.00,'https://kairos-stylos-storage.sfo3.digitaloceanspaces.com/temp/68590374-16be-4f38-95d6-76d1afdf3f6c.jpg',526,1),(543,20000.00,NULL,527,2),(544,60000.00,'https://kairos-stylos-storage.sfo3.digitaloceanspaces.com/temp/b717e82a-267e-4d4e-bdc8-8c5910ba8935.jpg',528,1),(545,35000.00,'https://kairos-stylos-storage.sfo3.digitaloceanspaces.com/temp/616a91fc-3212-48b1-8a82-da89b344d38c.jpg',529,1),(546,35000.00,'https://kairos-stylos-storage.sfo3.digitaloceanspaces.com/temp/d126988b-e104-4cbd-965e-8f1f5fa82642.jpg',530,1),(547,55000.00,'https://kairos-stylos-storage.sfo3.digitaloceanspaces.com/temp/df7155ee-d445-4d69-a05c-055333e8bf81.jpg',531,1),(548,70000.00,'https://kairos-stylos-storage.sfo3.digitaloceanspaces.com/temp/07c2e007-6d98-473a-ab6f-a65cd07a5781.jpg',532,1),(549,65000.00,'https://kairos-stylos-storage.sfo3.digitaloceanspaces.com/temp/ec7f6c3e-7972-4682-b1d9-2511e0d03ee3.jpg',533,1),(550,20000.00,'https://kairos-stylos-storage.sfo3.digitaloceanspaces.com/temp/107f0527-d0a5-4133-a67b-2202b837c148.jpg',534,1),(551,70000.00,NULL,534,2),(552,60000.00,'https://kairos-stylos-storage.sfo3.digitaloceanspaces.com/temp/3ecd00bc-37b7-49de-a39a-faea3dd7be17.jpg',535,1),(553,50000.00,'https://kairos-stylos-storage.sfo3.digitaloceanspaces.com/temp/1d491c66-1a50-4f49-8fe2-a06649c95a03.jpg',536,1),(554,65000.00,'https://kairos-stylos-storage.sfo3.digitaloceanspaces.com/temp/c68e578f-f5d4-459c-9956-c1d1898c97eb.jpg',537,1),(555,110000.00,'https://kairos-stylos-storage.sfo3.digitaloceanspaces.com/temp/a66a93b1-812b-4558-bb85-41328f5d73b1.jpg',538,1),(556,55000.00,'https://kairos-stylos-storage.sfo3.digitaloceanspaces.com/temp/9203f1f2-3647-40ad-84dc-e5093cae1377.jpg',539,1),(558,80000.00,'https://kairos-stylos-storage.sfo3.digitaloceanspaces.com/temp/3f99d4f0-d2a7-410c-9ae1-4964cbda235c.jpg',541,1),(559,25000.00,'https://kairos-stylos-storage.sfo3.digitaloceanspaces.com/temp/ca488c18-67dc-4761-b850-dd8ef736fecd.jpg',542,1),(560,25000.00,'https://kairos-stylos-storage.sfo3.digitaloceanspaces.com/temp/98894c14-7e4b-40f0-8c1c-0880e4e2a796.jpg',543,1),(561,5000.00,'https://kairos-stylos-storage.sfo3.digitaloceanspaces.com/temp/c4f07abb-e916-48b8-a922-9140200d0013.jpg',544,1),(562,30000.00,NULL,544,2),(563,65000.00,NULL,545,2),(565,10000.00,'https://kairos-stylos-storage.sfo3.digitaloceanspaces.com/temp/f63d9bb9-f536-4d1f-9b22-cf7c60dd78d1.jpg',547,1),(566,35000.00,NULL,548,2),(567,110000.00,NULL,549,2),(568,60000.00,'https://kairos-stylos-storage.sfo3.digitaloceanspaces.com/temp/7098c1a3-9f57-4be1-bd62-2d857baa9115.jpg',550,1),(569,80000.00,'https://kairos-stylos-storage.sfo3.digitaloceanspaces.com/temp/a4d5d720-b3cc-4503-a5fb-c34fabf0b04c.jpg',551,1),(570,25000.00,NULL,552,2),(571,35000.00,'https://kairos-stylos-storage.sfo3.digitaloceanspaces.com/temp/c0a312cd-cfc6-4dc7-97e0-1357f36887de.jpg',553,1),(572,270000.00,'https://kairos-stylos-storage.sfo3.digitaloceanspaces.com/temp/ba46a7d9-eb59-4ad6-ac0c-c1d8a681b22f.jpg',554,1),(573,60000.00,'https://kairos-stylos-storage.sfo3.digitaloceanspaces.com/temp/f389ca50-0c83-49d7-bdf2-f07a09f372b8.jpg',555,1),(574,210000.00,'https://kairos-stylos-storage.sfo3.digitaloceanspaces.com/temp/ea4b2b82-38fb-4706-aed7-0d0d1739ab8d.jpg',556,1),(575,10000.00,NULL,557,2),(576,30000.00,'https://kairos-stylos-storage.sfo3.digitaloceanspaces.com/temp/39825e63-d30c-4381-8ecc-aaef07cba219.jpg',558,1),(577,30000.00,'https://kairos-stylos-storage.sfo3.digitaloceanspaces.com/temp/2f1e0d31-d279-4d5e-81a1-a7836bdf1bb8.jpg',559,1),(578,55000.00,'https://kairos-stylos-storage.sfo3.digitaloceanspaces.com/temp/eef0e33a-14d3-4f14-b508-eebdb988ffe0.jpg',560,1),(579,15000.00,NULL,561,2),(580,25000.00,'https://kairos-stylos-storage.sfo3.digitaloceanspaces.com/temp/3653e314-45c0-4996-b5b8-decba65a4595.jpg',562,1),(581,30000.00,'https://kairos-stylos-storage.sfo3.digitaloceanspaces.com/temp/d4da03a5-3325-4167-bd96-4c9fc06ab104.jpg',563,1),(582,70000.00,NULL,564,2),(583,60000.00,'https://kairos-stylos-storage.sfo3.digitaloceanspaces.com/temp/c0c49907-7c5e-4ebe-998d-e71aa4a5ca49.jpg',565,1),(584,35000.00,NULL,566,2),(585,25000.00,'https://kairos-stylos-storage.sfo3.digitaloceanspaces.com/temp/af49e4b1-194b-4a23-b714-af93d297b627.jpg',567,1),(586,35000.00,NULL,567,2),(587,190000.00,'https://kairos-stylos-storage.sfo3.digitaloceanspaces.com/temp/a2ef5375-426d-472d-a3ab-576a62e430af.jpg',568,1),(588,25000.00,NULL,569,2),(589,80000.00,NULL,570,2),(590,460000.00,'https://kairos-stylos-storage.sfo3.digitaloceanspaces.com/temp/f7c4fc74-436e-4587-a5e6-5cdc7e73be80.jpg',571,1),(591,90000.00,NULL,572,2),(592,35000.00,'https://kairos-stylos-storage.sfo3.digitaloceanspaces.com/temp/548a817f-dad2-4820-b241-8a7440350f54.jpg',573,1),(593,80000.00,'https://kairos-stylos-storage.sfo3.digitaloceanspaces.com/temp/07a6924a-5f8e-4db4-93d2-5ab290e656a9.jpg',574,1),(594,95000.00,'https://kairos-stylos-storage.sfo3.digitaloceanspaces.com/temp/fe6248b4-7504-45cf-9d36-e0d4d01babde.jpg',575,1),(595,151000.00,NULL,576,2),(596,30000.00,NULL,577,2),(597,25000.00,'https://kairos-stylos-storage.sfo3.digitaloceanspaces.com/temp/42a5968c-ee86-4598-bfa3-66ad5d5fd826.jpg',578,1),(598,95000.00,'https://kairos-stylos-storage.sfo3.digitaloceanspaces.com/temp/4c694163-67c5-41dc-9e33-50194f7d0e55.jpg',579,1),(599,35000.00,'https://kairos-stylos-storage.sfo3.digitaloceanspaces.com/temp/50a48ec2-3c13-4dd9-aad6-eb4314254cbe.jpg',580,1),(600,165000.00,'https://kairos-stylos-storage.sfo3.digitaloceanspaces.com/temp/43959680-eb24-4aa7-88a6-33cee5ed62a0.jpg',581,1),(601,35000.00,NULL,582,2),(602,105000.00,'https://kairos-stylos-storage.sfo3.digitaloceanspaces.com/temp/079a4915-084d-4a67-a435-b826611d878b.jpg',583,1),(603,40000.00,NULL,584,2),(604,50000.00,NULL,585,2),(605,75000.00,'https://kairos-stylos-storage.sfo3.digitaloceanspaces.com/temp/2698036e-2e63-4adf-af75-20cc930e4c07.jpg',586,1),(606,30000.00,NULL,587,2),(607,35000.00,NULL,588,2),(608,65000.00,NULL,589,2),(609,40000.00,NULL,590,2),(610,15000.00,'https://kairos-stylos-storage.sfo3.digitaloceanspaces.com/temp/ff627b9d-55e1-402a-9c28-c28e49eaddae.jpg',591,1),(611,50000.00,'https://kairos-stylos-storage.sfo3.digitaloceanspaces.com/temp/4041c84c-c744-4ee9-a409-2a93c888bbd7.jpg',592,1),(612,30000.00,NULL,593,2),(613,25000.00,'https://kairos-stylos-storage.sfo3.digitaloceanspaces.com/temp/15dce29a-4c4c-4158-a984-8fe12fb82944.jpg',594,1),(614,225000.00,'https://kairos-stylos-storage.sfo3.digitaloceanspaces.com/temp/20558831-8728-4aea-ace5-ce993eabbb54.jpg',595,1),(615,80000.00,'https://kairos-stylos-storage.sfo3.digitaloceanspaces.com/temp/fbd8dc12-ecac-4f50-a5d4-3c16ab467624.jpg',596,1),(616,35000.00,'https://kairos-stylos-storage.sfo3.digitaloceanspaces.com/temp/a464f4df-d350-495a-b4cf-0ff1dd244ec5.jpg',597,1),(617,15000.00,'https://kairos-stylos-storage.sfo3.digitaloceanspaces.com/temp/bc1c7692-ea8e-47d6-b6a7-5c4eafb0283f.jpg',598,1),(618,50000.00,NULL,598,2),(619,80000.00,NULL,599,2),(620,80000.00,'https://kairos-stylos-storage.sfo3.digitaloceanspaces.com/temp/7a020d02-48d6-4cbe-b268-913aead33cb7.jpg',600,1),(621,30000.00,'https://kairos-stylos-storage.sfo3.digitaloceanspaces.com/temp/e5d52459-8cc9-4566-88e1-89165546cff5.jpg',601,1),(622,50000.00,'https://kairos-stylos-storage.sfo3.digitaloceanspaces.com/temp/ea41b2f1-6e8e-4c4c-9193-512046190a60.jpg',602,1),(623,25000.00,NULL,603,2),(624,50000.00,NULL,604,2),(625,25000.00,'https://kairos-stylos-storage.sfo3.digitaloceanspaces.com/temp/2f7469b4-ac51-48f8-85dc-c4db9ae78826.jpg',605,1),(626,90000.00,'https://kairos-stylos-storage.sfo3.digitaloceanspaces.com/temp/36d327af-228d-4027-b10d-1efbd92e32db.jpg',606,1),(627,35000.00,NULL,607,2),(628,105000.00,'https://kairos-stylos-storage.sfo3.digitaloceanspaces.com/temp/d75f2576-9076-4d42-af18-bacbf9c723ca.jpg',608,1),(629,140000.00,'https://kairos-stylos-storage.sfo3.digitaloceanspaces.com/temp/38eb4f5c-5ea9-407b-a9cf-4a730ffdb924.jpg',609,1),(630,55000.00,'https://kairos-stylos-storage.sfo3.digitaloceanspaces.com/temp/476bcb35-b0a1-4e26-a546-c48fc734ea90.jpg',610,1),(631,80000.00,'https://kairos-stylos-storage.sfo3.digitaloceanspaces.com/temp/f5a4939b-d608-4e44-bdf5-9cea66d0b2fd.jpg',611,1),(632,30000.00,'https://kairos-stylos-storage.sfo3.digitaloceanspaces.com/temp/1a6160ff-0758-4049-9309-3b9e22b85aaf.jpg',612,1),(633,105000.00,NULL,613,2),(634,38000.00,NULL,614,2),(635,145000.00,'https://kairos-stylos-storage.sfo3.digitaloceanspaces.com/temp/c4a4dd3d-2c25-4dc4-ad38-3f3c7bb21d33.jpg',615,1),(636,165000.00,NULL,616,2),(637,50000.00,'https://kairos-stylos-storage.sfo3.digitaloceanspaces.com/temp/a13f982c-4151-4aa0-a1fc-1fa330ad6f9c.jpg',617,1),(638,90000.00,'https://kairos-stylos-storage.sfo3.digitaloceanspaces.com/temp/da731ea0-e339-4eb0-bfaf-8598d15107f0.jpg',618,1),(639,95000.00,'https://kairos-stylos-storage.sfo3.digitaloceanspaces.com/temp/d5200dac-14d1-4d88-929f-da14839ad61b.jpg',619,1),(640,35000.00,NULL,620,2),(641,45000.00,NULL,621,2),(642,35000.00,'https://kairos-stylos-storage.sfo3.digitaloceanspaces.com/temp/bde7edd0-85c0-4038-83de-f34143678d65.jpg',622,1),(643,20000.00,'https://kairos-stylos-storage.sfo3.digitaloceanspaces.com/temp/edb89903-6f22-4e36-bbff-528b6b108828.jpg',623,1),(644,40000.00,NULL,624,2),(645,30000.00,NULL,625,2),(646,30000.00,'https://kairos-stylos-storage.sfo3.digitaloceanspaces.com/temp/fb975ad5-c0d5-49d0-9afc-9dcd97e42aca.jpg',626,1),(647,10000.00,'https://kairos-stylos-storage.sfo3.digitaloceanspaces.com/temp/3aa1ad49-c02a-45fd-b6a7-196d78a7b400.jpg',627,1),(648,15000.00,'https://kairos-stylos-storage.sfo3.digitaloceanspaces.com/temp/f35347c0-4758-4206-8673-f4d385fbc592.jpg',628,1),(649,105000.00,'https://kairos-stylos-storage.sfo3.digitaloceanspaces.com/temp/98d7ed56-49a0-4746-a418-6516ec9470de.jpg',629,1),(650,30000.00,'https://kairos-stylos-storage.sfo3.digitaloceanspaces.com/temp/e9183a30-2e71-4361-907e-3a849330532f.jpg',630,1),(651,25000.00,'https://kairos-stylos-storage.sfo3.digitaloceanspaces.com/temp/8421639a-deeb-4a43-a616-a7780d207558.jpg',631,1),(652,50000.00,NULL,632,2),(653,15000.00,NULL,633,2),(654,95000.00,NULL,634,2),(655,40000.00,NULL,635,2),(656,205000.00,'https://kairos-stylos-storage.sfo3.digitaloceanspaces.com/temp/978ca2e4-7465-4e72-9fd7-8d34d0fd53b6.jpg',636,1),(657,25000.00,'https://kairos-stylos-storage.sfo3.digitaloceanspaces.com/temp/c1483433-3065-4366-a538-4e8f471461a4.jpg',637,1),(658,55000.00,'https://kairos-stylos-storage.sfo3.digitaloceanspaces.com/temp/2741d42f-3dc7-4f13-ab76-fee9ede8ceea.jpg',638,1),(659,50000.00,'https://kairos-stylos-storage.sfo3.digitaloceanspaces.com/temp/e9f38c7d-ca32-4f68-b2e5-13d19f413923.jpg',639,1),(660,100000.00,NULL,640,2),(661,160000.00,'https://kairos-stylos-storage.sfo3.digitaloceanspaces.com/temp/6d8c553f-f291-4070-a050-e72f369a5d20.jpg',641,1),(662,65000.00,NULL,642,2),(663,25000.00,NULL,643,2),(664,15000.00,'https://kairos-stylos-storage.sfo3.digitaloceanspaces.com/temp/ad1fdd44-40a8-4aef-9d6e-670620fd60e0.jpg',644,1),(665,60000.00,NULL,645,2),(666,50000.00,'https://kairos-stylos-storage.sfo3.digitaloceanspaces.com/temp/e5b761e0-eea4-4ddc-8d2a-783ac25c2f4a.jpg',646,1),(667,35000.00,'https://kairos-stylos-storage.sfo3.digitaloceanspaces.com/temp/ce908045-74f5-4a01-a13a-3afcba8b2b23.jpg',647,1),(668,50000.00,'https://kairos-stylos-storage.sfo3.digitaloceanspaces.com/temp/ecec5f99-2920-4475-a95b-8b8206674e86.jpg',648,1),(669,50000.00,'https://kairos-stylos-storage.sfo3.digitaloceanspaces.com/temp/34aa1631-a9c0-4beb-a344-c107dc501643.jpg',649,1),(670,30000.00,NULL,650,2),(671,40000.00,'https://kairos-stylos-storage.sfo3.digitaloceanspaces.com/temp/b5db809b-4da0-4c84-bfe7-afb518cac13e.jpg',651,1),(672,75000.00,'https://kairos-stylos-storage.sfo3.digitaloceanspaces.com/temp/a63e07fe-db5b-4d6a-bf43-4ba72c2aa098.jpg',652,1),(673,55000.00,'https://kairos-stylos-storage.sfo3.digitaloceanspaces.com/temp/fb9df355-6a70-495e-890f-dbc9c3bb680a.jpg',653,1),(674,35000.00,'https://kairos-stylos-storage.sfo3.digitaloceanspaces.com/temp/a82e3fdb-92bb-4ba8-b53e-30f5b3f31c41.jpg',654,1),(675,15000.00,'https://kairos-stylos-storage.sfo3.digitaloceanspaces.com/temp/010eb449-1c7c-4312-b46b-fbfe17c753a6.jpg',655,1),(676,50000.00,'https://kairos-stylos-storage.sfo3.digitaloceanspaces.com/temp/b3bbfd1d-575e-4a50-ab9f-283248073af0.jpg',656,1),(677,50000.00,'https://kairos-stylos-storage.sfo3.digitaloceanspaces.com/temp/b183e770-2389-4247-a952-22c56c16ee26.jpg',657,1),(678,10000.00,'https://kairos-stylos-storage.sfo3.digitaloceanspaces.com/temp/7ddab6c8-611a-42dd-ad8c-591d97bd1f9d.jpg',658,1),(679,85000.00,NULL,659,2),(680,60000.00,NULL,660,2),(681,25000.00,'https://kairos-stylos-storage.sfo3.digitaloceanspaces.com/temp/92cea2e2-9842-4b61-b4c2-4a79bee988b3.jpg',661,1),(682,80000.00,NULL,661,2),(683,50000.00,NULL,662,2),(684,175000.00,'https://kairos-stylos-storage.sfo3.digitaloceanspaces.com/temp/6a2a415d-511a-4c6e-b039-2fe5479efaa1.jpg',663,1),(685,35000.00,'https://kairos-stylos-storage.sfo3.digitaloceanspaces.com/temp/5eb976e9-52c7-4e31-a876-ae1912d33abc.jpg',664,1),(686,75000.00,NULL,665,2),(687,15000.00,'https://kairos-stylos-storage.sfo3.digitaloceanspaces.com/temp/4cfd853a-700e-49ae-993a-aaffe3b9ad5b.jpg',666,1),(688,95000.00,NULL,667,2),(689,65000.00,'https://kairos-stylos-storage.sfo3.digitaloceanspaces.com/temp/7d6a1948-0cb5-445b-b14e-53be22bcf789.jpg',668,1),(690,15000.00,NULL,669,2),(691,140000.00,'https://kairos-stylos-storage.sfo3.digitaloceanspaces.com/temp/7d7f5fe5-753b-41d6-9c2e-096556ce8d98.jpg',670,1),(692,35000.00,'https://kairos-stylos-storage.sfo3.digitaloceanspaces.com/temp/6b964f79-dc56-4ece-b6bf-342ceb338f6f.jpg',671,1),(693,147000.00,'https://kairos-stylos-storage.sfo3.digitaloceanspaces.com/temp/894e42b9-a06f-485c-a505-727ecb946a1b.jpg',672,1),(694,3000.00,NULL,672,2),(695,35000.00,NULL,673,2),(696,55000.00,'https://kairos-stylos-storage.sfo3.digitaloceanspaces.com/temp/4d015d23-e9b9-4401-a0b6-55085d2eb4a2.jpg',674,1),(697,35000.00,'https://kairos-stylos-storage.sfo3.digitaloceanspaces.com/temp/d160d0d6-6e12-4160-a67e-e3780972eda4.jpg',675,1),(698,100000.00,'https://kairos-stylos-storage.sfo3.digitaloceanspaces.com/temp/45452f3d-20e8-46d6-a37f-10410752904c.jpg',676,1),(699,30000.00,'https://kairos-stylos-storage.sfo3.digitaloceanspaces.com/temp/125b11f7-be22-4570-a480-c3b56f1ced5d.jpg',677,1),(700,345000.00,'https://kairos-stylos-storage.sfo3.digitaloceanspaces.com/temp/07f4620c-673b-4b18-a955-0ad7d4b4abb1.jpg',678,1),(701,60000.00,'https://kairos-stylos-storage.sfo3.digitaloceanspaces.com/temp/61fd9503-072a-45aa-a039-4f764dee2c7d.jpg',679,1),(702,75000.00,'https://kairos-stylos-storage.sfo3.digitaloceanspaces.com/temp/c90b0a80-6076-456f-a6e1-a476c5660523.jpg',680,1),(703,45000.00,NULL,681,2),(704,90000.00,NULL,682,2),(705,105000.00,'https://kairos-stylos-storage.sfo3.digitaloceanspaces.com/temp/59e4ec1e-b654-4706-a346-41b2adf41550.jpg',683,1),(706,50000.00,NULL,684,2),(707,55000.00,'https://kairos-stylos-storage.sfo3.digitaloceanspaces.com/temp/1eb13cac-25b7-40b1-b6ba-67a03e29370d.jpg',685,1),(708,95000.00,NULL,686,2),(709,200000.00,'https://kairos-stylos-storage.sfo3.digitaloceanspaces.com/temp/b42d2748-09bd-4181-8d3b-39d900a25ae8.jpg',687,1),(711,20000.00,'https://kairos-stylos-storage.sfo3.digitaloceanspaces.com/temp/6149edc8-7a69-4c8d-adef-38d09d0925eb.jpg',689,1),(714,105000.00,NULL,691,2),(715,100000.00,'https://kairos-stylos-storage.sfo3.digitaloceanspaces.com/temp/9350ba12-fe81-4122-9fbb-29f196aa9043.jpg',691,1),(716,40000.00,'https://kairos-stylos-storage.sfo3.digitaloceanspaces.com/temp/be66d08a-6257-4b54-ac72-9c373f94f323.jpg',692,1),(717,15000.00,'https://kairos-stylos-storage.sfo3.digitaloceanspaces.com/temp/9be00106-59bb-4a4f-a96a-56caf60c9df2.jpg',693,1),(718,25000.00,'https://kairos-stylos-storage.sfo3.digitaloceanspaces.com/temp/16059491-9bda-47c6-8c25-c619c93b0ccf.jpg',694,1),(719,70000.00,NULL,695,2),(720,40000.00,'https://kairos-stylos-storage.sfo3.digitaloceanspaces.com/temp/734c1890-9206-4fd5-be3f-bb34ec59b446.jpg',696,1),(721,50000.00,'https://kairos-stylos-storage.sfo3.digitaloceanspaces.com/temp/cf76bcdf-8753-4fe2-a14c-dd880df6b538.jpg',697,1),(722,30000.00,'https://kairos-stylos-storage.sfo3.digitaloceanspaces.com/temp/97093eba-200b-4fc9-8d22-ef366e507fed.jpg',698,1),(723,50000.00,'https://kairos-stylos-storage.sfo3.digitaloceanspaces.com/temp/7ff17ab3-1f74-49a8-81eb-3ce0ec7ac39e.jpg',699,1),(724,20000.00,'https://kairos-stylos-storage.sfo3.digitaloceanspaces.com/temp/726f3c3e-40c9-4c6a-ad08-5af3dfb88a10.jpg',700,1),(725,100000.00,NULL,701,2),(726,15000.00,NULL,702,2),(727,35000.00,'https://kairos-stylos-storage.sfo3.digitaloceanspaces.com/temp/1553e7ae-1e01-4c39-a1cc-bba9d1e72071.jpg',703,1);
/*!40000 ALTER TABLE `ks_pagos_factura` ENABLE KEYS */;
UNLOCK TABLES;

--
-- Table structure for table `ks_productos`
--

DROP TABLE IF EXISTS `ks_productos`;
/*!40101 SET @saved_cs_client     = @@character_set_client */;
/*!50503 SET character_set_client = utf8mb4 */;
CREATE TABLE `ks_productos` (
  `PR_IDPRODUCTO_PK` int NOT NULL AUTO_INCREMENT,
  `PR_NOMBRE` varchar(255) NOT NULL,
  `PR_ACTIVO` tinyint(1) DEFAULT '1',
  `pr_aplica_comision` tinyint(1) DEFAULT '0',
  `pr_porcentaje_comision` decimal(5,2) DEFAULT '0.00',
  `pr_descripcion` text,
  PRIMARY KEY (`PR_IDPRODUCTO_PK`)
) ENGINE=InnoDB AUTO_INCREMENT=18 DEFAULT CHARSET=latin1;
/*!40101 SET character_set_client = @saved_cs_client */;

--
-- Dumping data for table `ks_productos`
--

LOCK TABLES `ks_productos` WRITE;
/*!40000 ALTER TABLE `ks_productos` DISABLE KEYS */;
INSERT INTO `ks_productos` VALUES (1,'Ampolla shot',1,0,0.00,NULL),(2,'Pestañas',1,0,0.00,NULL),(3,'Peroxido',1,0,0.00,NULL),(4,'Matizante',1,0,0.00,NULL),(5,'Lamelamwer ',1,0,0.00,NULL),(6,'Ampolla de lehit ',1,0,0.00,NULL),(7,'Terapia de huevo alterego',1,0,0.00,NULL),(8,'Pestañas',1,0,0.00,NULL),(9,'Tintes',1,0,0.00,NULL),(10,'Laminado ',1,0,0.00,NULL),(11,'Gorro',1,0,0.00,NULL),(12,'Gorro',1,1,0.00,NULL),(13,'Pestañas pelo a pelo',1,0,0.00,NULL),(14,'Pestañas Pelo a pelo',1,0,0.00,NULL),(15,'Ampolla lehit + gorro',1,0,0.00,NULL),(16,'Keratina',1,0,0.00,NULL),(17,'Ampolla sayi ',1,0,0.00,NULL);
/*!40000 ALTER TABLE `ks_productos` ENABLE KEYS */;
UNLOCK TABLES;

--
-- Table structure for table `ks_roles`
--

DROP TABLE IF EXISTS `ks_roles`;
/*!40101 SET @saved_cs_client     = @@character_set_client */;
/*!50503 SET character_set_client = utf8mb4 */;
CREATE TABLE `ks_roles` (
  `RL_IDROL_PK` int NOT NULL AUTO_INCREMENT,
  `RL_NOMBRE` varchar(100) NOT NULL,
  PRIMARY KEY (`RL_IDROL_PK`),
  UNIQUE KEY `RL_NOMBRE` (`RL_NOMBRE`)
) ENGINE=InnoDB AUTO_INCREMENT=4 DEFAULT CHARSET=latin1;
/*!40101 SET character_set_client = @saved_cs_client */;

--
-- Dumping data for table `ks_roles`
--

LOCK TABLES `ks_roles` WRITE;
/*!40000 ALTER TABLE `ks_roles` DISABLE KEYS */;
INSERT INTO `ks_roles` VALUES (2,'ADMINISTRADOR_PUNTO'),(1,'ADMINISTRADOR_TOTAL'),(3,'TECNICO');
/*!40000 ALTER TABLE `ks_roles` ENABLE KEYS */;
UNLOCK TABLES;

--
-- Table structure for table `ks_servicio_trabajador_cuotas`
--

DROP TABLE IF EXISTS `ks_servicio_trabajador_cuotas`;
/*!40101 SET @saved_cs_client     = @@character_set_client */;
/*!50503 SET character_set_client = utf8mb4 */;
CREATE TABLE `ks_servicio_trabajador_cuotas` (
  `STC_IDCUOTA_PK` int NOT NULL AUTO_INCREMENT,
  `STC_NUMERO_CUOTA` int NOT NULL,
  `STC_VALOR_CUOTA` decimal(15,2) NOT NULL,
  `STC_ESTADO` enum('PENDIENTE','PAGADO','CANCELADO') DEFAULT 'PENDIENTE',
  `STC_FECHA_COBRO` date NOT NULL,
  `ST_IDSERVICIO_TRABAJADOR_FK` int NOT NULL,
  PRIMARY KEY (`STC_IDCUOTA_PK`),
  KEY `FK_VALE_CUOTA_VALE` (`ST_IDSERVICIO_TRABAJADOR_FK`),
  KEY `IDX_ST_CUOTA_ESTADO` (`STC_ESTADO`),
  KEY `IDX_ST_CUOTA_FECHA` (`STC_FECHA_COBRO`),
  CONSTRAINT `FK_VALE_CUOTA_VALE` FOREIGN KEY (`ST_IDSERVICIO_TRABAJADOR_FK`) REFERENCES `ks_servicios_trabajador` (`ST_IDSERVICIO_TRABAJADOR_PK`) ON DELETE CASCADE
) ENGINE=InnoDB AUTO_INCREMENT=2 DEFAULT CHARSET=latin1;
/*!40101 SET character_set_client = @saved_cs_client */;

--
-- Dumping data for table `ks_servicio_trabajador_cuotas`
--

LOCK TABLES `ks_servicio_trabajador_cuotas` WRITE;
/*!40000 ALTER TABLE `ks_servicio_trabajador_cuotas` DISABLE KEYS */;
INSERT INTO `ks_servicio_trabajador_cuotas` VALUES (1,1,50000.00,'PENDIENTE','2026-05-30',1);
/*!40000 ALTER TABLE `ks_servicio_trabajador_cuotas` ENABLE KEYS */;
UNLOCK TABLES;

--
-- Table structure for table `ks_servicios`
--

DROP TABLE IF EXISTS `ks_servicios`;
/*!40101 SET @saved_cs_client     = @@character_set_client */;
/*!50503 SET character_set_client = utf8mb4 */;
CREATE TABLE `ks_servicios` (
  `SV_IDSERVICIO_PK` int NOT NULL AUTO_INCREMENT,
  `SV_NOMBRE` varchar(255) NOT NULL,
  `SV_ACTIVO` tinyint(1) DEFAULT '1',
  PRIMARY KEY (`SV_IDSERVICIO_PK`)
) ENGINE=InnoDB AUTO_INCREMENT=51 DEFAULT CHARSET=latin1;
/*!40101 SET character_set_client = @saved_cs_client */;

--
-- Dumping data for table `ks_servicios`
--

LOCK TABLES `ks_servicios` WRITE;
/*!40000 ALTER TABLE `ks_servicios` DISABLE KEYS */;
INSERT INTO `ks_servicios` VALUES (1,'Blower',1),(2,'Blower ampolla shot',1),(3,'Cejas ',1),(4,'Cejas + pestañas ',1),(5,'Cejas+ pestañas + boso',1),(6,'Ceja pigmento ',1),(7,'Corte cabello ',1),(8,'Tinte cabello plano',1),(9,'Mechas',1),(10,'Blower + matizante',1),(11,'Uñas semi',1),(12,'Uñas tradicional ',1),(13,'Uñas polygel',1),(14,'Uñas press on',1),(15,'Uñas base Ruben',1),(16,'Uñas acrílicas ',1),(17,'Uñas esculpidas',1),(18,'Uñas yelitiz',1),(19,'Uñas tradicionales pies',1),(20,'Uñas semi pies',1),(21,'Baño de acrílicos ',1),(22,'Baño de poli gel',1),(23,'Boso',1),(24,'Depilación ',1),(25,'Blower + lamelarwer ',1),(26,'Blower +’ampolla de lehit',1),(27,'Polygel + pies',1),(28,'Base ruber + pies',1),(29,'Uñas acrilicas ',1),(30,'Uñas acrílicas + pies',1),(31,'Mantenimiento rubber y pies tradicional ',1),(32,'Uñas semi + pies',1),(33,'Uñas presa on + pies',1),(34,'Blower + laminado ',1),(35,'Cejas semi + Boso',1),(36,'Pues tradicional ',1),(37,'Uñas tradicional ',1),(38,'Blower + terapia de huevo ',1),(39,'Matizante',1),(40,'Blower + terapia de huevo alterego',1),(41,'Vikini',1),(42,'Pestaña punto a punto ',1),(43,'Maquillaje ',1),(44,'Depilación de axilas ',1),(45,'Depilación con hilo',1),(46,'Cejas semi',1),(47,'Uñas polygel + pies',1),(48,'Aplicación de keratina',1),(49,'Pestañas pelo a pelo',1),(50,'Hijiene facial ',1);
/*!40000 ALTER TABLE `ks_servicios` ENABLE KEYS */;
UNLOCK TABLES;

--
-- Table structure for table `ks_servicios_trabajador`
--

DROP TABLE IF EXISTS `ks_servicios_trabajador`;
/*!40101 SET @saved_cs_client     = @@character_set_client */;
/*!50503 SET character_set_client = utf8mb4 */;
CREATE TABLE `ks_servicios_trabajador` (
  `ST_IDSERVICIO_TRABAJADOR_PK` int NOT NULL AUTO_INCREMENT,
  `ST_VALOR_TOTAL` decimal(15,2) NOT NULL,
  `ST_NUMERO_CUOTAS` int NOT NULL,
  `ST_VALOR_CUOTA` decimal(15,2) NOT NULL,
  `ST_ESTADO` enum('PENDIENTE','PAGADO','CANCELADO') DEFAULT 'PENDIENTE',
  `ST_FECHA` timestamp NOT NULL DEFAULT CURRENT_TIMESTAMP,
  `FC_IDFACTURA_FK` int DEFAULT NULL,
  `TR_IDTRABAJADOR_FK` int NOT NULL,
  `ST_FECHA_INICIO_COBRO` date DEFAULT NULL,
  PRIMARY KEY (`ST_IDSERVICIO_TRABAJADOR_PK`),
  KEY `FK_VALE_FACTURA` (`FC_IDFACTURA_FK`),
  KEY `FK_VALE_TRABAJADOR` (`TR_IDTRABAJADOR_FK`),
  CONSTRAINT `FK_VALE_FACTURA` FOREIGN KEY (`FC_IDFACTURA_FK`) REFERENCES `ks_facturas` (`FC_IDFACTURA_PK`),
  CONSTRAINT `FK_VALE_TRABAJADOR` FOREIGN KEY (`TR_IDTRABAJADOR_FK`) REFERENCES `ks_trabajadores` (`TR_IDTRABAJADOR_PK`)
) ENGINE=InnoDB AUTO_INCREMENT=2 DEFAULT CHARSET=latin1;
/*!40101 SET character_set_client = @saved_cs_client */;

--
-- Dumping data for table `ks_servicios_trabajador`
--

LOCK TABLES `ks_servicios_trabajador` WRITE;
/*!40000 ALTER TABLE `ks_servicios_trabajador` DISABLE KEYS */;
INSERT INTO `ks_servicios_trabajador` VALUES (1,50000.00,1,50000.00,'PENDIENTE','2026-05-30 00:00:00',97,44,'2026-05-30');
/*!40000 ALTER TABLE `ks_servicios_trabajador` ENABLE KEYS */;
UNLOCK TABLES;

--
-- Table structure for table `ks_solicitudes_productos`
--

DROP TABLE IF EXISTS `ks_solicitudes_productos`;
/*!40101 SET @saved_cs_client     = @@character_set_client */;
/*!50503 SET character_set_client = utf8mb4 */;
CREATE TABLE `ks_solicitudes_productos` (
  `SP_IDSOLICITUD_PK` int NOT NULL AUTO_INCREMENT,
  `SP_CANTIDAD` int NOT NULL,
  `SP_ESTADO` enum('PENDIENTE','ENTREGADO','CANCELADO') DEFAULT 'PENDIENTE',
  `SP_FECHA_SOLICITUD` timestamp NOT NULL DEFAULT CURRENT_TIMESTAMP,
  `SP_FECHA_ENTREGA` datetime DEFAULT NULL,
  `SP_COMENTARIOS` text,
  `SC_IDSUCURSAL_FK` int NOT NULL,
  `PR_IDPRODUCTO_FK` int NOT NULL,
  `TR_IDTRABAJADOR_FK` int DEFAULT NULL,
  PRIMARY KEY (`SP_IDSOLICITUD_PK`),
  KEY `FK_SOLICITUD_SUCURSAL` (`SC_IDSUCURSAL_FK`),
  KEY `FK_SOLICITUD_PRODUCTO` (`PR_IDPRODUCTO_FK`),
  KEY `FK_SOLICITUD_TRABAJADOR` (`TR_IDTRABAJADOR_FK`),
  CONSTRAINT `FK_SOLICITUD_PRODUCTO` FOREIGN KEY (`PR_IDPRODUCTO_FK`) REFERENCES `ks_productos` (`PR_IDPRODUCTO_PK`),
  CONSTRAINT `FK_SOLICITUD_SUCURSAL` FOREIGN KEY (`SC_IDSUCURSAL_FK`) REFERENCES `ks_sucursales` (`SC_IDSUCURSAL_PK`),
  CONSTRAINT `FK_SOLICITUD_TRABAJADOR` FOREIGN KEY (`TR_IDTRABAJADOR_FK`) REFERENCES `ks_trabajadores` (`TR_IDTRABAJADOR_PK`)
) ENGINE=InnoDB DEFAULT CHARSET=latin1;
/*!40101 SET character_set_client = @saved_cs_client */;

--
-- Dumping data for table `ks_solicitudes_productos`
--

LOCK TABLES `ks_solicitudes_productos` WRITE;
/*!40000 ALTER TABLE `ks_solicitudes_productos` DISABLE KEYS */;
/*!40000 ALTER TABLE `ks_solicitudes_productos` ENABLE KEYS */;
UNLOCK TABLES;

--
-- Table structure for table `ks_sucursales`
--

DROP TABLE IF EXISTS `ks_sucursales`;
/*!40101 SET @saved_cs_client     = @@character_set_client */;
/*!50503 SET character_set_client = utf8mb4 */;
CREATE TABLE `ks_sucursales` (
  `SC_IDSUCURSAL_PK` int NOT NULL AUTO_INCREMENT,
  `SC_NOMBRE` varchar(100) NOT NULL,
  `SC_DIRECCION` varchar(255) DEFAULT NULL,
  PRIMARY KEY (`SC_IDSUCURSAL_PK`)
) ENGINE=InnoDB AUTO_INCREMENT=4 DEFAULT CHARSET=latin1;
/*!40101 SET character_set_client = @saved_cs_client */;

--
-- Dumping data for table `ks_sucursales`
--

LOCK TABLES `ks_sucursales` WRITE;
/*!40000 ALTER TABLE `ks_sucursales` DISABLE KEYS */;
INSERT INTO `ks_sucursales` VALUES (1,'SEDE 2 MI PLAZA LOS ROBLES','los Robles '),(2,'SEDE 4 PRADERA','Carrera 31 115-23'),(3,'SEDE 3 LA SIERRA','la sierra');
/*!40000 ALTER TABLE `ks_sucursales` ENABLE KEYS */;
UNLOCK TABLES;

--
-- Table structure for table `ks_trabajadores`
--

DROP TABLE IF EXISTS `ks_trabajadores`;
/*!40101 SET @saved_cs_client     = @@character_set_client */;
/*!50503 SET character_set_client = utf8mb4 */;
CREATE TABLE `ks_trabajadores` (
  `TR_IDTRABAJADOR_PK` int NOT NULL AUTO_INCREMENT,
  `TR_NOMBRE` varchar(255) NOT NULL,
  `TR_TELEFONO` varchar(20) DEFAULT NULL,
  `TR_PASSWORD` varchar(255) DEFAULT NULL,
  `TR_ACTIVO` tinyint(1) DEFAULT '1',
  `RL_IDROL_FK` int NOT NULL,
  `SC_IDSUCURSAL_FK` int DEFAULT NULL,
  `tr_fecha_retiro` date DEFAULT NULL,
  `tr_motivo_retiro` varchar(255) DEFAULT NULL,
  PRIMARY KEY (`TR_IDTRABAJADOR_PK`),
  KEY `FK_TRABAJADOR_ROL` (`RL_IDROL_FK`),
  KEY `FK_TRABAJADOR_SUCURSAL` (`SC_IDSUCURSAL_FK`),
  CONSTRAINT `FK_TRABAJADOR_ROL` FOREIGN KEY (`RL_IDROL_FK`) REFERENCES `ks_roles` (`RL_IDROL_PK`),
  CONSTRAINT `FK_TRABAJADOR_SUCURSAL` FOREIGN KEY (`SC_IDSUCURSAL_FK`) REFERENCES `ks_sucursales` (`SC_IDSUCURSAL_PK`)
) ENGINE=InnoDB AUTO_INCREMENT=91 DEFAULT CHARSET=latin1;
/*!40101 SET character_set_client = @saved_cs_client */;

--
-- Dumping data for table `ks_trabajadores`
--

LOCK TABLES `ks_trabajadores` WRITE;
/*!40000 ALTER TABLE `ks_trabajadores` DISABLE KEYS */;
INSERT INTO `ks_trabajadores` VALUES (1,'KAREN OVALLE','3028680877','$2b$10$EGLmw4QhanrfaB1FlIwfWuNRZSMS0mgvpOy.jp70./5VPsh3d7u4y',1,1,NULL,NULL,NULL),(2,'KEVIN BARRAZA','3014024063','$2b$10$kapJPtKhu/XHwM6X/cYxYe2HChOXv1rOfBLwMgjhY0BYDdFvXmyJG',1,1,NULL,NULL,NULL),(39,'Daniela de oro ','','$2b$10$ZOySiI3xvVW4qaCPKxzSYuis0ie07DLLm05O4caVk5SmsTm0aAVs2',1,2,3,NULL,NULL),(40,'Adriana ','','$2b$10$n5r1Kto9ofdnReW.mx5Ok.Z3Cnni6TclZnzJv1Z2qkJXf8Uu/Zjm2',1,3,1,NULL,NULL),(41,'Raquel','','$2b$10$gAoVfme7QCI85tRDWk6RTuwPoWwlns4g5/cccLdTTLmBo6Rkz8PQe',0,3,1,NULL,NULL),(42,'Olga * uñas*','','$2b$10$uBTL1w4P6YLEW7wtCDQmeefhkBqqgju0zIZJRoICYtPsjF8G71eaO',1,3,1,NULL,NULL),(43,'Erika ','','$2b$10$Rt2tkTGDKCs23XqnTIUGjeJRAUc0HpXzZ3rTTtQZZS1L1BPjDF29G',1,3,1,NULL,NULL),(44,'Daniela ','','$2b$10$tYgAwENqIGVDTTu4XJJxHudwkrtOW4GsSIrN9Cxi9XxrKe7R8Lj5i',1,3,1,NULL,NULL),(45,'Silvana','','$2b$10$j85SZJe6a7edma.T7USePOLoY8VUS23TBqtLD6EXXDURa7dprrJmu',1,3,1,NULL,NULL),(46,'Viki','','$2b$10$PHMBnT3xueSlVqy71AF1BOuXmahYlqt.Iq54ysd2/rn8mrA46H7oe',1,3,1,NULL,NULL),(47,'Eliana','','$2b$10$RSM5x6.0QHILfv8mv5iZT.52m95f477jhBfoZ9K7P7OIbHjxaypze',1,3,1,NULL,NULL),(48,'Angelika sede 2','','$2b$10$rHZcUP1bhePao3ruoH7VEeifWxKtdbiiUctky7SWm5jvF7bSv3q.m',0,3,1,'2026-06-01','KEVIN BARRAZA'),(49,'Vanessa','','$2b$10$RH4GWl8jSrb708N7heJj5.RHTMt5FiqQk0qR2nlJr7qm20XKEAWCG',1,3,1,NULL,NULL),(50,'Evans','','$2b$10$BiWu9zR9TYHrnD.eAc/phebhhsHTp15achK3O9RckfLAt0W/HkTDG',1,3,1,NULL,NULL),(51,'Yune','','$2b$10$Dwlfodw5NK3IGFARY4HXWuVWzZxS2IiR277HS4PhK.koUbzxBcAqu',1,3,1,NULL,NULL),(52,'Yadira','','$2b$10$kJViZ/y8m91jSrP33cR0gutH2SKk9LmggpKJZzocDXFOtiKGsw4e6',1,3,1,NULL,NULL),(53,'Dayana','','$2b$10$0.4NfFtAlkUOC4KNqkyD4OD7uieeb4nQuKitb0lKPAGGFpb49CWre',1,3,1,NULL,NULL),(54,'Olga *cejas*','','$2b$10$7oTzbanY/i7dmnrpnxxaf.eYmjO41e6erfZdbYr4fC.4Ata..X5SW',0,3,1,NULL,NULL),(56,'SHIRLY ','','$2b$10$tXNqfox2/RBOZUnT98JPAOWphg6Wp7Y5lPDQ8VpYv4wrX0twmkIPO',1,2,2,NULL,NULL),(57,'SHEILA','','$2b$10$5NurVAe9RlNmxXUT3K2r0.r8AxunFDmOGf.mcsf2h/BPW1BuPgwkC',1,3,2,NULL,NULL),(58,'YULMAR','','$2b$10$uak3R2mnYG4QyDClyI/9rePpedJ3Kcncvxig7WfO.WJ6.XC7SWlGu',1,3,2,NULL,NULL),(59,'MARÍA ','','$2b$10$7hqm7NfekpslZkvxCht4u.pUKWMIuaveECAOnzeEpULSjsaYQt/5q',1,3,2,NULL,NULL),(60,'JOSE','','$2b$10$ejwrEwJ.hgLelwO.WlI3.Op.gSy0KunFLHNxHqdV.T2EeDyWoTkMq',1,3,1,NULL,NULL),(61,'Shirly administradora ','','$2b$10$2V5XX4QWbdDukod6LlAU3OPSC2z5hfy5cqBFn3MEOaYWRUGb.6kmG',1,3,2,NULL,NULL),(62,'Paola *uñas*','','$2b$10$8Pc26Yl9uQjPoVPCSW9x9e5CkUOP7L8MTVJOM0GsCaRpzAJXCB/JK',1,3,2,NULL,NULL),(63,'Sandra ','','$2b$10$jlCsGYrhA5LGZS2w77QybeB.abI6VisNB0BcEeSztm1kks4uRO7DC',1,3,1,NULL,NULL),(64,'Kelly','','$2b$10$NzGRT18EpT28piYNoJKVXebqwt04Fy7IJt6H7hhP0MFpg2ROCC3UO',1,3,2,NULL,NULL),(65,'Yoryeth','','$2b$10$ylwgdlyboiiivZI5nb4gZeT6hzUHyntmgHTQWQJt7GXTtRBrkUngO',1,3,2,NULL,NULL),(67,'Sayira','','$2b$10$DH5OKF5Dix1sy7FSuCE8gu29I3Fspouhk8kDz33wWnCarTcJPjSBG',1,3,1,NULL,NULL),(68,'Hazli','','$2b$10$fJxhBj6QG/pDKVPAsB0MlujNHgzJzuCirasbQPtA1FDR5aSd9Nmcq',1,3,2,NULL,NULL),(69,'Celsi','','$2b$10$z18oiCk998RvcvPRI3Cpp.Lbh2lSZvw0USXN3213ciYOe.EwsRBTC',1,3,2,NULL,NULL),(70,'KAREN JEFA ','','$2b$10$7C/nP2JrCIHVS1aWfzaaIuNUheO5qU812vGHAf6hrLPOoih5s7T2q',1,3,NULL,NULL,NULL),(71,'María José ','','$2b$10$rgFIvMsx2nKiSR05bSJsgOlW8dWR1j6HS3lhU/jYTkDVxGI99WQvS',1,3,1,NULL,NULL),(72,'Barvara','','$2b$10$Z5LZ63IPtxiI.N80XBtpm.8SSrB0FHFP5Y0hSRDhv4G4CUVP30hGC',1,3,1,NULL,NULL),(73,'Olga cejas ','','$2b$10$o2BUGiJ9bshAEO7FmXn2HOPi8Q5EpCo/.mlomGclO7CfpdeWm2/zq',1,3,1,NULL,NULL),(74,'Bleidys estilista','','$2b$10$d2iTPZDNXV9c2IjprFRXQepRk05TZtyhjTZOA3uc0QGAO3WBChRM.',1,3,1,NULL,NULL),(75,'Marian','','$2b$10$bayuqtK9efgafH3Nw/TXWuPTdydGAGDtwI/rZMAHTSiL3Xr2c0gu6',1,2,1,NULL,NULL),(76,'Lilka','','$2b$10$L47metAmG9Q6RZK6dFZmruVjA3/Wzm1Zu4kP0BhAQEIVpCrRWnaUS',1,3,2,NULL,NULL),(77,'SR TATIANA','','$2b$10$tIdf2HYqaVE9OcnvZtrCM.0vFHpCKZk2zq7Ab0gZLH5ao6dZik3vK',1,2,3,NULL,NULL),(78,'Kelly costa hermosa','','$2b$10$HKi/zTUK6pWudjQE9y.A2.nBILChWQ0bvqqpXsrLpH8YSVIaNAc6.',1,3,1,NULL,NULL),(79,'Genesis ','','$2b$10$FsytRrhe7AQQMJchvYVhsuisTrqtXgoYgwkWn8jKueINYCfaPYafC',1,3,2,NULL,NULL),(80,'Mariangel ','','$2b$10$NUCyiM2/e3VixLmQ6fq9FeC4mnH2hdloFDhIYhXG/KXqi0KH9sbKa',1,3,1,NULL,NULL),(81,'Victoria Cardenas ','','$2b$10$Yol5xZnTTLGW4sjIY73djeDXhOErWOsZH2aQx/gGiTvjECmXKYcP2',1,3,1,NULL,NULL),(82,'Tayrin manicurista ','','$2b$10$P38uRQaAIWMJdJQmd1eL1.1RgZQ/YDu3WszyoAOsfgn./H2TZtuza',1,3,1,NULL,NULL),(83,'Tairin','','$2b$10$DVVmxiE4i7Pq25xpGnAVXeU3q.opse99ur4zcALtXmu7errVlB7.W',1,3,1,NULL,NULL),(84,'ESCARLET LASISTA','','$2b$10$RBAW9cg06UcwXUfAK0bEpOrWv6eJ5UcpjTCP3EWPZw1Yn0ErodBiu',1,3,3,NULL,NULL),(85,'MARIANIS ESTILISTA','','$2b$10$QLQ/2K1bVZuTkjmBHK4nj.GT3veB.VSTjWNuG3PrGYBuhAaDViCne',1,3,3,NULL,NULL),(86,'YESICA MANICURISTA ','','$2b$10$THkH6Dpl6WeSKb6TAlFbPePavpknM4MBYA.4q2lPfVd7dFxvVQJqa',1,3,3,NULL,NULL),(87,'SAYE MANICURISTA','','$2b$10$hckMHtyNueW9fxyZiylfH.tlwUshyQKYdE8zRpGKrxRyzSg2oP/fi',1,3,3,NULL,NULL),(88,'GREIDI ESTILISTA','','$2b$10$QZZCHMGpHzm/lXHHdsW8RudnnuDT8HV7p87JaipvSN/qUdizJ.KKC',1,3,3,NULL,NULL),(89,'YULIZA','','$2b$10$MpPPaAD.WsDJGnvNwnJBP.VzIof4AEEWxGCKzWiprUx7SkwvXHsgK',1,3,3,NULL,NULL),(90,'VICTORIA MANICURISTA ','','$2b$10$6B4bL3VYoBHtyFKHPtOUQ.Hh66J.J0SpDr75t2URT3wX8XtxGpxsq',1,3,3,NULL,NULL);
/*!40000 ALTER TABLE `ks_trabajadores` ENABLE KEYS */;
UNLOCK TABLES;

--
-- Table structure for table `ks_vales`
--

DROP TABLE IF EXISTS `ks_vales`;
/*!40101 SET @saved_cs_client     = @@character_set_client */;
/*!50503 SET character_set_client = utf8mb4 */;
CREATE TABLE `ks_vales` (
  `vl_idvale_pk` int NOT NULL AUTO_INCREMENT,
  `TR_IDTRABAJADOR_FK` int NOT NULL,
  `vl_monto` decimal(15,2) NOT NULL,
  `vl_fecha` date DEFAULT NULL,
  `vl_estado` enum('PENDIENTE','DESCONTADO','ANULADO') DEFAULT 'PENDIENTE',
  `NM_IDNOMINA_FK` int DEFAULT NULL,
  `vl_observaciones` text,
  `vl_fecha_creacion` timestamp NULL DEFAULT CURRENT_TIMESTAMP,
  `vl_cuotas` int NOT NULL DEFAULT '1',
  `vl_cuotas_pagadas` int NOT NULL DEFAULT '0',
  `vl_fecha_desembolso` date DEFAULT NULL,
  `vl_fecha_inicio_cobro` date DEFAULT NULL,
  `sc_idsucursal_fk` int NOT NULL,
  PRIMARY KEY (`vl_idvale_pk`),
  KEY `FK_ADELANTO_NOMINA` (`NM_IDNOMINA_FK`),
  KEY `IDX_ADELANTO_TRABAJADOR` (`TR_IDTRABAJADOR_FK`),
  KEY `IDX_ADELANTO_ESTADO` (`vl_estado`),
  KEY `fk_vales_sucursal` (`sc_idsucursal_fk`),
  CONSTRAINT `FK_ADELANTO_NOMINA` FOREIGN KEY (`NM_IDNOMINA_FK`) REFERENCES `ks_nominas` (`NM_IDNOMINA_PK`) ON DELETE SET NULL,
  CONSTRAINT `FK_ADELANTO_TRABAJADOR` FOREIGN KEY (`TR_IDTRABAJADOR_FK`) REFERENCES `ks_trabajadores` (`TR_IDTRABAJADOR_PK`) ON DELETE CASCADE,
  CONSTRAINT `fk_vales_sucursal` FOREIGN KEY (`sc_idsucursal_fk`) REFERENCES `ks_sucursales` (`SC_IDSUCURSAL_PK`)
) ENGINE=InnoDB AUTO_INCREMENT=25 DEFAULT CHARSET=latin1;
/*!40101 SET character_set_client = @saved_cs_client */;

--
-- Dumping data for table `ks_vales`
--

LOCK TABLES `ks_vales` WRITE;
/*!40000 ALTER TABLE `ks_vales` DISABLE KEYS */;
INSERT INTO `ks_vales` VALUES (2,68,20000.00,'2026-05-28','PENDIENTE',NULL,'trasporte','2026-05-31 03:02:32',1,0,'2026-05-28','2026-05-28',2),(3,42,50000.00,'2026-05-29','PENDIENTE',NULL,NULL,'2026-05-31 05:03:38',1,0,'2026-05-29','2026-05-29',1),(4,47,50000.00,'2026-06-02','PENDIENTE',NULL,NULL,'2026-05-31 05:04:39',1,0,'2026-06-02','2026-06-02',1),(5,48,120000.00,'2026-06-03','DESCONTADO',7,'pagar deuda','2026-06-04 17:10:22',1,1,'2026-06-03','2026-06-07',2),(6,72,50000.00,'2026-06-03','PENDIENTE',NULL,NULL,'2026-06-04 17:11:06',1,0,'2026-06-03','2026-06-07',2),(7,64,70000.00,'2026-06-03','PENDIENTE',NULL,NULL,'2026-06-04 17:12:11',1,0,'2026-06-03','2026-06-07',2),(8,71,50000.00,'2026-06-10','PENDIENTE',NULL,NULL,'2026-06-11 02:10:27',1,0,'2026-06-10','2026-06-14',2),(9,48,100000.00,'2026-06-10','DESCONTADO',7,NULL,'2026-06-11 02:21:18',1,1,'2026-06-10','2026-06-14',2),(10,79,250000.00,'2026-06-10','PENDIENTE',NULL,NULL,'2026-06-11 02:26:29',1,0,'2026-06-10','2026-06-14',2),(11,57,100000.00,'2026-06-10','PENDIENTE',NULL,NULL,'2026-06-11 02:51:22',1,0,'2026-06-10','2026-06-14',2),(12,46,50000.00,'2026-06-10','PENDIENTE',NULL,NULL,'2026-06-11 17:00:38',1,0,'2026-06-10','2026-06-10',1),(13,51,50000.00,'2026-06-10','PENDIENTE',NULL,NULL,'2026-06-11 17:01:10',1,0,'2026-06-10','2026-06-10',1),(14,74,20000.00,'2026-06-10','PENDIENTE',NULL,NULL,'2026-06-11 17:01:53',1,0,'2026-06-10','2026-06-10',1),(15,40,100000.00,'2026-06-10','PENDIENTE',NULL,NULL,'2026-06-11 17:02:25',1,0,'2026-06-10','2026-06-10',1),(16,44,20000.00,'2026-06-10','PENDIENTE',NULL,NULL,'2026-06-11 17:02:53',1,0,'2026-06-10','2026-06-10',1),(17,75,10000.00,'2026-06-10','PENDIENTE',NULL,NULL,'2026-06-11 17:03:45',1,0,'2026-06-10','2026-06-10',1),(18,78,50000.00,'2026-06-09','PENDIENTE',NULL,NULL,'2026-06-11 17:04:36',1,0,'2026-06-09','2026-06-09',1),(19,50,50000.00,'2026-06-09','PENDIENTE',NULL,NULL,'2026-06-11 17:05:05',1,0,'2026-06-09','2026-06-09',1),(20,39,120000.00,'2026-06-08','PENDIENTE',NULL,NULL,'2026-06-11 17:06:42',1,0,'2026-06-08','2026-06-08',1),(21,53,50000.00,'2026-06-11','PENDIENTE',NULL,NULL,'2026-06-12 01:59:52',1,0,'2026-06-11','2026-06-11',1),(22,79,30000.00,'2026-06-13','PENDIENTE',NULL,NULL,'2026-06-14 02:52:53',1,0,'2026-06-13','2026-06-14',2),(23,82,20000.00,'2026-06-14','PENDIENTE',NULL,NULL,'2026-06-14 18:35:42',1,0,'2026-06-14','2026-06-07',1),(24,75,10000.00,'2026-06-14','PENDIENTE',NULL,NULL,'2026-06-15 03:30:51',1,0,'2026-06-14','2026-06-01',1);
/*!40000 ALTER TABLE `ks_vales` ENABLE KEYS */;
UNLOCK TABLES;

--
-- Dumping routines for database 'KAIROS_STYLOS'
--
/*!40103 SET TIME_ZONE=@OLD_TIME_ZONE */;

/*!40101 SET SQL_MODE=@OLD_SQL_MODE */;
/*!40014 SET FOREIGN_KEY_CHECKS=@OLD_FOREIGN_KEY_CHECKS */;
/*!40014 SET UNIQUE_CHECKS=@OLD_UNIQUE_CHECKS */;
/*!40101 SET CHARACTER_SET_CLIENT=@OLD_CHARACTER_SET_CLIENT */;
/*!40101 SET CHARACTER_SET_RESULTS=@OLD_CHARACTER_SET_RESULTS */;
/*!40101 SET COLLATION_CONNECTION=@OLD_COLLATION_CONNECTION */;
/*!40111 SET SQL_NOTES=@OLD_SQL_NOTES */;

-- Dump completed on 2026-06-15 13:33:07
